original_path	fragment_path	bytes
../../packages/platform-interface/contract/base.ts	recovered/fragments/desktop/packages/platform-interface/contract/base.ts.fragment.js	24032
../../packages/platform-interface/generated/bridge/utils/consts.ts	recovered/fragments/desktop/packages/platform-interface/generated/bridge/utils/consts.ts.fragment.js	134712
../../packages/platform-interface/generated/bridge/utils/runtime.ts	recovered/fragments/desktop/packages/platform-interface/generated/bridge/utils/runtime.ts.fragment.js	11725
../../packages/platform-interface/generated/bridge/utils/interface-impl.ts	recovered/fragments/desktop/packages/platform-interface/generated/bridge/utils/interface-impl.ts.fragment.js	1068
../../packages/platform-interface/generated/bridge/utils/json-rpc-interface.ts	recovered/fragments/desktop/packages/platform-interface/generated/bridge/utils/json-rpc-interface.ts.fragment.js	410
../../packages/platform-interface/generated/bridge/utils/index.ts	recovered/fragments/desktop/packages/platform-interface/generated/bridge/utils/index.ts.fragment.js	51
../../packages/platform-interface/generated/bridge/node-adapter-peer/utils/rpc-traffic.ts	recovered/fragments/desktop/packages/platform-interface/generated/bridge/node-adapter-peer/utils/rpc-traffic.ts.fragment.js	1734
../../packages/platform-interface/generated/bridge/node-adapter-peer/services/manager/consts.ts	recovered/fragments/desktop/packages/platform-interface/generated/bridge/node-adapter-peer/services/manager/consts.ts.fragment.js	305
../../packages/platform-interface/generated/bridge/node-adapter-peer/services/modules/readonly-events/index.ts	recovered/fragments/desktop/packages/platform-interface/generated/bridge/node-adapter-peer/services/modules/readonly-events/index.ts.fragment.js	797
../../packages/platform-interface/generated/bridge/node-adapter-peer/services/modules/cross-platform-rpc/consts.ts	recovered/fragments/desktop/packages/platform-interface/generated/bridge/node-adapter-peer/services/modules/cross-platform-rpc/consts.ts.fragment.js	305
../../packages/platform-interface/generated/bridge/node-adapter-peer/services/modules/cross-platform-rpc/modules/traffic-classifier/utils.ts	recovered/fragments/desktop/packages/platform-interface/generated/bridge/node-adapter-peer/services/modules/cross-platform-rpc/modules/traffic-classifier/utils.ts.fragment.js	2464
../../packages/platform-interface/generated/bridge/node-adapter-peer/services/modules/cross-platform-rpc/modules/traffic-classifier/index.ts	recovered/fragments/desktop/packages/platform-interface/generated/bridge/node-adapter-peer/services/modules/cross-platform-rpc/modules/traffic-classifier/index.ts.fragment.js	2380
../../packages/platform-interface/generated/bridge/node-adapter-peer/services/modules/cross-platform-rpc/index.ts	recovered/fragments/desktop/packages/platform-interface/generated/bridge/node-adapter-peer/services/modules/cross-platform-rpc/index.ts.fragment.js	5896
../../packages/platform-interface/generated/bridge/node-adapter-peer/services/client/modules/account/index.ts	recovered/fragments/desktop/packages/platform-interface/generated/bridge/node-adapter-peer/services/client/modules/account/index.ts.fragment.js	637
../../packages/platform-interface/generated/bridge/node-adapter-peer/services/client/modules/audio/index.ts	recovered/fragments/desktop/packages/platform-interface/generated/bridge/node-adapter-peer/services/client/modules/audio/index.ts.fragment.js	825
../../packages/platform-interface/generated/bridge/node-adapter-peer/services/client/modules/device-connectors/index.ts	recovered/fragments/desktop/packages/platform-interface/generated/bridge/node-adapter-peer/services/client/modules/device-connectors/index.ts.fragment.js	681
../../packages/platform-interface/generated/bridge/node-adapter-peer/services/client/modules/linux/index.ts	recovered/fragments/desktop/packages/platform-interface/generated/bridge/node-adapter-peer/services/client/modules/linux/index.ts.fragment.js	491
../../packages/platform-interface/generated/bridge/node-adapter-peer/services/client/modules/macos/index.ts	recovered/fragments/desktop/packages/platform-interface/generated/bridge/node-adapter-peer/services/client/modules/macos/index.ts.fragment.js	1211
../../packages/platform-interface/generated/bridge/node-adapter-peer/services/client/modules/permissions/index.ts	recovered/fragments/desktop/packages/platform-interface/generated/bridge/node-adapter-peer/services/client/modules/permissions/index.ts.fragment.js	935
../../packages/platform-interface/generated/bridge/node-adapter-peer/services/client/modules/system/index.ts	recovered/fragments/desktop/packages/platform-interface/generated/bridge/node-adapter-peer/services/client/modules/system/index.ts.fragment.js	1296
../../packages/platform-interface/generated/bridge/node-adapter-peer/services/client/modules/tools/index.ts	recovered/fragments/desktop/packages/platform-interface/generated/bridge/node-adapter-peer/services/client/modules/tools/index.ts.fragment.js	1321
../../packages/platform-interface/generated/bridge/node-adapter-peer/services/client/modules/windows/index.ts	recovered/fragments/desktop/packages/platform-interface/generated/bridge/node-adapter-peer/services/client/modules/windows/index.ts.fragment.js	753
../../packages/platform-interface/generated/bridge/node-adapter-peer/services/client/index.ts	recovered/fragments/desktop/packages/platform-interface/generated/bridge/node-adapter-peer/services/client/index.ts.fragment.js	2169
../../packages/platform-interface/generated/bridge/modules/interface-impl/index.ts	recovered/fragments/desktop/packages/platform-interface/generated/bridge/modules/interface-impl/index.ts.fragment.js	1291
../../packages/platform-interface/generated/bridge/node-adapter-peer/services/manager/modules/web-request-context/index.ts	recovered/fragments/desktop/packages/platform-interface/generated/bridge/node-adapter-peer/services/manager/modules/web-request-context/index.ts.fragment.js	608
../../packages/platform-interface/generated/bridge/node-adapter-peer/services/manager/modules/electron-interface/consts.ts	recovered/fragments/desktop/packages/platform-interface/generated/bridge/node-adapter-peer/services/manager/modules/electron-interface/consts.ts.fragment.js	934
../../packages/platform-interface/generated/bridge/node-adapter-peer/services/manager/modules/electron-interface/utils.ts	recovered/fragments/desktop/packages/platform-interface/generated/bridge/node-adapter-peer/services/manager/modules/electron-interface/utils.ts.fragment.js	772
../../packages/platform-interface/generated/bridge/node-adapter-peer/services/manager/modules/electron-interface/index.ts	recovered/fragments/desktop/packages/platform-interface/generated/bridge/node-adapter-peer/services/manager/modules/electron-interface/index.ts.fragment.js	18307
../../packages/platform-interface/generated/bridge/modules/json-rpc-interface/index.ts	recovered/fragments/desktop/packages/platform-interface/generated/bridge/modules/json-rpc-interface/index.ts.fragment.js	3725
../../packages/platform-interface/generated/bridge/node-adapter-peer/services/manager/modules/native-extended-interface/index.ts	recovered/fragments/desktop/packages/platform-interface/generated/bridge/node-adapter-peer/services/manager/modules/native-extended-interface/index.ts.fragment.js	755
../../packages/platform-interface/generated/bridge/node-adapter-peer/services/manager/index.ts	recovered/fragments/desktop/packages/platform-interface/generated/bridge/node-adapter-peer/services/manager/index.ts.fragment.js	3176
../../packages/platform-interface/generated/bridge/node-adapter-peer/services/index.ts	recovered/fragments/desktop/packages/platform-interface/generated/bridge/node-adapter-peer/services/index.ts.fragment.js	51
../../packages/platform-interface/generated/bridge/node-adapter-peer/index.ts	recovered/fragments/desktop/packages/platform-interface/generated/bridge/node-adapter-peer/index.ts.fragment.js	51
../../packages/utils/src/function.ts	recovered/fragments/desktop/packages/utils/src/function.ts.fragment.js	97
../../packages/client-node-adapter/src/base/readonly-events/index.ts	recovered/fragments/desktop/packages/client-node-adapter/src/base/readonly-events/index.ts.fragment.js	687
../../packages/client-node-adapter/src/decorators/rpc-call-logger/consts.ts	recovered/fragments/desktop/packages/client-node-adapter/src/decorators/rpc-call-logger/consts.ts.fragment.js	657
../../packages/client-node-adapter/src/decorators/rpc-call-logger/utils.ts	recovered/fragments/desktop/packages/client-node-adapter/src/decorators/rpc-call-logger/utils.ts.fragment.js	3917
../../packages/client-node-adapter/src/decorators/rpc-call-logger/index.ts	recovered/fragments/desktop/packages/client-node-adapter/src/decorators/rpc-call-logger/index.ts.fragment.js	5119
../../packages/client-node-adapter/src/base/interface-error/consts.ts	recovered/fragments/desktop/packages/client-node-adapter/src/base/interface-error/consts.ts.fragment.js	245
../../packages/client-node-adapter/src/base/interface-error/utils.ts	recovered/fragments/desktop/packages/client-node-adapter/src/base/interface-error/utils.ts.fragment.js	4487
../../packages/client-node-adapter/src/base/interface-error/index.ts	recovered/fragments/desktop/packages/client-node-adapter/src/base/interface-error/index.ts.fragment.js	1694
../../packages/client-node-adapter/src/base/serial-task/index.ts	recovered/fragments/desktop/packages/client-node-adapter/src/base/serial-task/index.ts.fragment.js	521
../../packages/client-node-adapter/src/aspects/sei/modules/account/consts.ts	recovered/fragments/desktop/packages/client-node-adapter/src/aspects/sei/modules/account/consts.ts.fragment.js	106
../../packages/client-node-adapter/src/aspects/sei/modules/account/utils.ts	recovered/fragments/desktop/packages/client-node-adapter/src/aspects/sei/modules/account/utils.ts.fragment.js	729
../../packages/client-node-adapter/src/aspects/sei/modules/account/modules/state/index.ts	recovered/fragments/desktop/packages/client-node-adapter/src/aspects/sei/modules/account/modules/state/index.ts.fragment.js	2380
../../packages/client-node-adapter/src/aspects/sei/modules/account/modules/projection/index.ts	recovered/fragments/desktop/packages/client-node-adapter/src/aspects/sei/modules/account/modules/projection/index.ts.fragment.js	1530
../../packages/client-node-adapter/src/aspects/sei/modules/account/modules/settings/index.ts	recovered/fragments/desktop/packages/client-node-adapter/src/aspects/sei/modules/account/modules/settings/index.ts.fragment.js	289
../../packages/client-node-adapter/src/consts/identifiers.ts	recovered/fragments/desktop/packages/client-node-adapter/src/consts/identifiers.ts.fragment.js	567
../../packages/client-node-adapter/src/aspects/sei/modules/account/modules/native-sync/modules/apply-tracker/index.ts	recovered/fragments/desktop/packages/client-node-adapter/src/aspects/sei/modules/account/modules/native-sync/modules/apply-tracker/index.ts.fragment.js	1929
../../packages/client-node-adapter/src/aspects/sei/modules/account/modules/native-sync/utils.ts	recovered/fragments/desktop/packages/client-node-adapter/src/aspects/sei/modules/account/modules/native-sync/utils.ts.fragment.js	786
../../packages/client-node-adapter/src/aspects/sei/modules/account/modules/native-sync/index.ts	recovered/fragments/desktop/packages/client-node-adapter/src/aspects/sei/modules/account/modules/native-sync/index.ts.fragment.js	4936
../../packages/client-node-adapter/src/aspects/sei/modules/account-session-barrier/index.ts	recovered/fragments/desktop/packages/client-node-adapter/src/aspects/sei/modules/account-session-barrier/index.ts.fragment.js	2121
../../packages/client-node-adapter/src/aspects/sei/modules/preferences/consts.ts	recovered/fragments/desktop/packages/client-node-adapter/src/aspects/sei/modules/preferences/consts.ts.fragment.js	133
../../packages/client-node-adapter/src/aspects/sei/modules/preferences/modules/base/preference/index.ts	recovered/fragments/desktop/packages/client-node-adapter/src/aspects/sei/modules/preferences/modules/base/preference/index.ts.fragment.js	2208
../../packages/client-node-adapter/src/aspects/sei/modules/preferences/modules/runtime/index.ts	recovered/fragments/desktop/packages/client-node-adapter/src/aspects/sei/modules/preferences/modules/runtime/index.ts.fragment.js	510
../../packages/client-node-adapter/src/aspects/sei/modules/preferences/modules/state/modules/store/utils.ts	recovered/fragments/desktop/packages/client-node-adapter/src/aspects/sei/modules/preferences/modules/state/modules/store/utils.ts.fragment.js	2094
../../packages/client-node-adapter/src/aspects/sei/modules/preferences/modules/state/modules/store/index.ts	recovered/fragments/desktop/packages/client-node-adapter/src/aspects/sei/modules/preferences/modules/state/modules/store/index.ts.fragment.js	1360
../../packages/client-node-adapter/src/aspects/sei/modules/preferences/modules/state/index.ts	recovered/fragments/desktop/packages/client-node-adapter/src/aspects/sei/modules/preferences/modules/state/index.ts.fragment.js	2187
../../packages/client-node-adapter/src/aspects/sei/modules/preferences/modules/environment/index.ts	recovered/fragments/desktop/packages/client-node-adapter/src/aspects/sei/modules/preferences/modules/environment/index.ts.fragment.js	2519
../../packages/client-node-adapter/src/aspects/sei/modules/preferences/modules/traffic-lane/index.ts	recovered/fragments/desktop/packages/client-node-adapter/src/aspects/sei/modules/preferences/modules/traffic-lane/index.ts.fragment.js	3258
../../packages/client-node-adapter/src/aspects/sei/modules/preferences/index.ts	recovered/fragments/desktop/packages/client-node-adapter/src/aspects/sei/modules/preferences/index.ts.fragment.js	2732
../../packages/client-node-adapter/src/aspects/sei/modules/account/modules/platform/index.ts	recovered/fragments/desktop/packages/client-node-adapter/src/aspects/sei/modules/account/modules/platform/index.ts.fragment.js	880
../../packages/platform-interface/contract/cpi.ts	recovered/fragments/desktop/packages/platform-interface/contract/cpi.ts.fragment.js	5061
../../packages/client-node-adapter/src/aspects/sei/modules/account/modules/configuration/consts.ts	recovered/fragments/desktop/packages/client-node-adapter/src/aspects/sei/modules/account/modules/configuration/consts.ts.fragment.js	186
../../packages/client-node-adapter/src/aspects/sei/modules/account/modules/authenticator/consts.ts	recovered/fragments/desktop/packages/client-node-adapter/src/aspects/sei/modules/account/modules/authenticator/consts.ts.fragment.js	402
../../packages/client-node-adapter/src/aspects/sei/modules/account/modules/configuration/utils.ts	recovered/fragments/desktop/packages/client-node-adapter/src/aspects/sei/modules/account/modules/configuration/utils.ts.fragment.js	5708
../../packages/client-node-adapter/src/aspects/sei/modules/account/modules/configuration/index.ts	recovered/fragments/desktop/packages/client-node-adapter/src/aspects/sei/modules/account/modules/configuration/index.ts.fragment.js	1934
../../packages/client-node-adapter/src/aspects/sei/modules/account/modules/http-client/modules/response-reader/index.ts	recovered/fragments/desktop/packages/client-node-adapter/src/aspects/sei/modules/account/modules/http-client/modules/response-reader/index.ts.fragment.js	872
../../packages/client-node-adapter/src/aspects/sei/modules/account/modules/http-client/modules/error-mapper/consts.ts	recovered/fragments/desktop/packages/client-node-adapter/src/aspects/sei/modules/account/modules/http-client/modules/error-mapper/consts.ts.fragment.js	112
../../packages/client-node-adapter/src/aspects/sei/modules/account/modules/authenticator/utils.ts	recovered/fragments/desktop/packages/client-node-adapter/src/aspects/sei/modules/account/modules/authenticator/utils.ts.fragment.js	6329
../../packages/client-node-adapter/src/aspects/sei/modules/account/modules/http-client/modules/error-mapper/utils.ts	recovered/fragments/desktop/packages/client-node-adapter/src/aspects/sei/modules/account/modules/http-client/modules/error-mapper/utils.ts.fragment.js	859
../../packages/client-node-adapter/src/aspects/sei/modules/account/modules/http-client/modules/error-mapper/index.ts	recovered/fragments/desktop/packages/client-node-adapter/src/aspects/sei/modules/account/modules/http-client/modules/error-mapper/index.ts.fragment.js	2918
../../packages/client-node-adapter/src/aspects/sei/modules/update/consts.ts	recovered/fragments/desktop/packages/client-node-adapter/src/aspects/sei/modules/update/consts.ts.fragment.js	350
../../packages/client-node-adapter/src/aspects/sei/modules/update/modules/electron-updater/modules/native-stage/index.ts	recovered/fragments/desktop/packages/client-node-adapter/src/aspects/sei/modules/update/modules/electron-updater/modules/native-stage/index.ts.fragment.js	2409
../../packages/client-node-adapter/src/aspects/sei/modules/update/modules/electron-updater/consts.ts	recovered/fragments/desktop/packages/client-node-adapter/src/aspects/sei/modules/update/modules/electron-updater/consts.ts.fragment.js	141
../../packages/client-node-adapter/src/aspects/sei/modules/update/modules/electron-updater/utils.ts	recovered/fragments/desktop/packages/client-node-adapter/src/aspects/sei/modules/update/modules/electron-updater/utils.ts.fragment.js	2356
../../packages/client-node-adapter/src/aspects/sei/modules/update/modules/electron-updater/index.ts	recovered/fragments/desktop/packages/client-node-adapter/src/aspects/sei/modules/update/modules/electron-updater/index.ts.fragment.js	8160
../../packages/client-node-adapter/src/aspects/sei/modules/update/utils.ts	recovered/fragments/desktop/packages/client-node-adapter/src/aspects/sei/modules/update/utils.ts.fragment.js	2702
../../packages/client-node-adapter/src/aspects/sei/modules/update/index.ts	recovered/fragments/desktop/packages/client-node-adapter/src/aspects/sei/modules/update/index.ts.fragment.js	15903
../../packages/client-node-adapter/src/aspects/sei/modules/account/modules/app-version/index.ts	recovered/fragments/desktop/packages/client-node-adapter/src/aspects/sei/modules/account/modules/app-version/index.ts.fragment.js	1470
../../packages/client-node-adapter/src/aspects/sei/modules/account/modules/http-client/modules/headers/consts.ts	recovered/fragments/desktop/packages/client-node-adapter/src/aspects/sei/modules/account/modules/http-client/modules/headers/consts.ts.fragment.js	133
../../packages/client-node-adapter/src/aspects/sei/modules/account/modules/http-client/modules/headers/index.ts	recovered/fragments/desktop/packages/client-node-adapter/src/aspects/sei/modules/account/modules/http-client/modules/headers/index.ts.fragment.js	1799
../../packages/language/src/index.ts	recovered/fragments/desktop/packages/language/src/index.ts.fragment.js	2179
../../packages/client-node-adapter/src/aspects/sei/modules/account/modules/request-language/utils.ts	recovered/fragments/desktop/packages/client-node-adapter/src/aspects/sei/modules/account/modules/request-language/utils.ts.fragment.js	225
../../packages/client-node-adapter/src/aspects/sei/modules/account/modules/request-language/index.ts	recovered/fragments/desktop/packages/client-node-adapter/src/aspects/sei/modules/account/modules/request-language/index.ts.fragment.js	2770
../../packages/client-node-adapter/src/aspects/sei/modules/account/modules/http-client/modules/request/index.ts	recovered/fragments/desktop/packages/client-node-adapter/src/aspects/sei/modules/account/modules/http-client/modules/request/index.ts.fragment.js	1861
../../packages/client-node-adapter/src/aspects/sei/modules/account/modules/http-client/index.ts	recovered/fragments/desktop/packages/client-node-adapter/src/aspects/sei/modules/account/modules/http-client/index.ts.fragment.js	1658
../../packages/client-node-adapter/src/aspects/sei/modules/account/modules/authenticator/modules/auth-client/modules/oauth-client/index.ts	recovered/fragments/desktop/packages/client-node-adapter/src/aspects/sei/modules/account/modules/authenticator/modules/auth-client/modules/oauth-client/index.ts.fragment.js	5384
../../packages/client-node-adapter/src/aspects/sei/modules/account/modules/authenticator/modules/auth-client/modules/session-client/modules/token/index.ts	recovered/fragments/desktop/packages/client-node-adapter/src/aspects/sei/modules/account/modules/authenticator/modules/auth-client/modules/session-client/modules/token/index.ts.fragment.js	2895
../../packages/client-node-adapter/src/aspects/sei/modules/account/modules/authenticator/modules/auth-client/modules/session-client/modules/email-otp/index.ts	recovered/fragments/desktop/packages/client-node-adapter/src/aspects/sei/modules/account/modules/authenticator/modules/auth-client/modules/session-client/modules/email-otp/index.ts.fragment.js	4495
../../packages/client-node-adapter/src/aspects/sei/modules/account/modules/authenticator/modules/auth-client/modules/session-client/modules/identity/index.ts	recovered/fragments/desktop/packages/client-node-adapter/src/aspects/sei/modules/account/modules/authenticator/modules/auth-client/modules/session-client/modules/identity/index.ts.fragment.js	1588
../../packages/client-node-adapter/src/aspects/sei/modules/account/modules/authenticator/modules/auth-client/modules/session-client/modules/phone-otp/disabled.ts	recovered/fragments/desktop/packages/client-node-adapter/src/aspects/sei/modules/account/modules/authenticator/modules/auth-client/modules/session-client/modules/phone-otp/disabled.ts.fragment.js	494
../../packages/client-node-adapter/src/aspects/sei/modules/account/modules/authenticator/modules/auth-client/modules/session-client/modules/phone-otp/index.ts	recovered/fragments/desktop/packages/client-node-adapter/src/aspects/sei/modules/account/modules/authenticator/modules/auth-client/modules/session-client/modules/phone-otp/index.ts.fragment.js	76
../../packages/client-node-adapter/src/aspects/sei/modules/account/modules/authenticator/modules/auth-client/modules/session-client/modules/revocation/index.ts	recovered/fragments/desktop/packages/client-node-adapter/src/aspects/sei/modules/account/modules/authenticator/modules/auth-client/modules/session-client/modules/revocation/index.ts.fragment.js	1471
../../packages/client-node-adapter/src/aspects/sei/modules/account/modules/authenticator/modules/auth-client/modules/session-client/index.ts	recovered/fragments/desktop/packages/client-node-adapter/src/aspects/sei/modules/account/modules/authenticator/modules/auth-client/modules/session-client/index.ts.fragment.js	1993
../../packages/client-node-adapter/src/aspects/sei/modules/account/modules/authenticator/modules/auth-client/index.ts	recovered/fragments/desktop/packages/client-node-adapter/src/aspects/sei/modules/account/modules/authenticator/modules/auth-client/index.ts.fragment.js	2166
../../packages/client-node-adapter/src/aspects/sei/modules/account/modules/authenticator/modules/isolated-session/modules/authorization-window/consts.ts	recovered/fragments/desktop/packages/client-node-adapter/src/aspects/sei/modules/account/modules/authenticator/modules/isolated-session/modules/authorization-window/consts.ts.fragment.js	985
../../packages/client-node-adapter/src/aspects/sei/modules/account/modules/authenticator/modules/isolated-session/modules/authorization-window/utils.ts	recovered/fragments/desktop/packages/client-node-adapter/src/aspects/sei/modules/account/modules/authenticator/modules/isolated-session/modules/authorization-window/utils.ts.fragment.js	1043
../../packages/client-node-adapter/src/aspects/sei/modules/account/modules/authenticator/modules/isolated-session/modules/authorization-window/index.ts	recovered/fragments/desktop/packages/client-node-adapter/src/aspects/sei/modules/account/modules/authenticator/modules/isolated-session/modules/authorization-window/index.ts.fragment.js	7331
../../packages/client-node-adapter/src/aspects/sei/modules/account/modules/authenticator/modules/isolated-session/modules/request-origin/index.ts	recovered/fragments/desktop/packages/client-node-adapter/src/aspects/sei/modules/account/modules/authenticator/modules/isolated-session/modules/request-origin/index.ts.fragment.js	1328
../../packages/client-node-adapter/src/aspects/sei/modules/account/modules/authenticator/modules/isolated-session/modules/session/index.ts	recovered/fragments/desktop/packages/client-node-adapter/src/aspects/sei/modules/account/modules/authenticator/modules/isolated-session/modules/session/index.ts.fragment.js	1685
../../packages/client-node-adapter/src/aspects/sei/modules/account/modules/authenticator/modules/isolated-session/utils.ts	recovered/fragments/desktop/packages/client-node-adapter/src/aspects/sei/modules/account/modules/authenticator/modules/isolated-session/utils.ts.fragment.js	345
../../packages/client-node-adapter/src/aspects/sei/modules/account/modules/authenticator/modules/isolated-session/index.ts	recovered/fragments/desktop/packages/client-node-adapter/src/aspects/sei/modules/account/modules/authenticator/modules/isolated-session/index.ts.fragment.js	1315
../../packages/client-node-adapter/src/aspects/sei/modules/account/modules/authenticator/modules/revocation/index.ts	recovered/fragments/desktop/packages/client-node-adapter/src/aspects/sei/modules/account/modules/authenticator/modules/revocation/index.ts.fragment.js	2013
../../packages/api-client/src/generated/core/serverSentEvents.gen.ts	recovered/fragments/desktop/packages/api-client/src/generated/core/serverSentEvents.gen.ts.fragment.js	5908
../../packages/api-client/src/generated/core/pathSerializer.gen.ts	recovered/fragments/desktop/packages/api-client/src/generated/core/pathSerializer.gen.ts.fragment.js	3473
../../packages/api-client/src/generated/core/utils.gen.ts	recovered/fragments/desktop/packages/api-client/src/generated/core/utils.gen.ts.fragment.js	3110
../../packages/api-client/src/generated/core/auth.gen.ts	recovered/fragments/desktop/packages/api-client/src/generated/core/auth.gen.ts.fragment.js	402
../../packages/api-client/src/generated/core/bodySerializer.gen.ts	recovered/fragments/desktop/packages/api-client/src/generated/core/bodySerializer.gen.ts.fragment.js	1811
../../packages/api-client/src/generated/client/utils.gen.ts	recovered/fragments/desktop/packages/api-client/src/generated/client/utils.gen.ts.fragment.js	7044
../../packages/api-client/src/generated/client/client.gen.ts	recovered/fragments/desktop/packages/api-client/src/generated/client/client.gen.ts.fragment.js	8027
../../packages/auth-client/src/urls.ts	recovered/fragments/desktop/packages/auth-client/src/urls.ts.fragment.js	1815
../../packages/api-client/src/client-config.ts	recovered/fragments/desktop/packages/api-client/src/client-config.ts.fragment.js	105
../../packages/api-client/src/generated/client.gen.ts	recovered/fragments/desktop/packages/api-client/src/generated/client.gen.ts.fragment.js	180
../../packages/api-client/src/generated/sdk.gen.ts	recovered/fragments/desktop/packages/api-client/src/generated/sdk.gen.ts.fragment.js	205112
../../packages/client-node-adapter/src/aspects/sei/modules/account/modules/authenticator/modules/login-candidate/modules/profile-client/index.ts	recovered/fragments/desktop/packages/client-node-adapter/src/aspects/sei/modules/account/modules/authenticator/modules/login-candidate/modules/profile-client/index.ts.fragment.js	3352
../../packages/client-node-adapter/src/aspects/sei/modules/account/modules/authenticator/modules/login-candidate/index.ts	recovered/fragments/desktop/packages/client-node-adapter/src/aspects/sei/modules/account/modules/authenticator/modules/login-candidate/index.ts.fragment.js	4137
../../packages/client-node-adapter/src/base/logger/utils.ts	recovered/fragments/desktop/packages/client-node-adapter/src/base/logger/utils.ts.fragment.js	924
../../packages/client-node-adapter/src/base/logger/index.ts	recovered/fragments/desktop/packages/client-node-adapter/src/base/logger/index.ts.fragment.js	1032
../../packages/client-node-adapter/src/aspects/sei/modules/account/modules/authenticator/modules/oauth-flow/consts.ts	recovered/fragments/desktop/packages/client-node-adapter/src/aspects/sei/modules/account/modules/authenticator/modules/oauth-flow/consts.ts.fragment.js	584
../../packages/client-node-adapter/src/aspects/sei/modules/account/modules/authenticator/modules/oauth-flow/modules/system-authorization/consts.ts	recovered/fragments/desktop/packages/client-node-adapter/src/aspects/sei/modules/account/modules/authenticator/modules/oauth-flow/modules/system-authorization/consts.ts.fragment.js	202
../../packages/client-node-adapter/src/aspects/sei/modules/account/modules/authenticator/modules/oauth-flow/modules/system-authorization/index.ts	recovered/fragments/desktop/packages/client-node-adapter/src/aspects/sei/modules/account/modules/authenticator/modules/oauth-flow/modules/system-authorization/index.ts.fragment.js	2038
../../packages/client-node-adapter/src/aspects/sei/modules/account/modules/authenticator/modules/oauth-flow/utils.ts	recovered/fragments/desktop/packages/client-node-adapter/src/aspects/sei/modules/account/modules/authenticator/modules/oauth-flow/utils.ts.fragment.js	2388
../../packages/client-node-adapter/src/aspects/sei/modules/account/modules/authenticator/modules/oauth-flow/index.ts	recovered/fragments/desktop/packages/client-node-adapter/src/aspects/sei/modules/account/modules/authenticator/modules/oauth-flow/index.ts.fragment.js	4640
../../packages/client-node-adapter/src/aspects/sei/modules/account/modules/authenticator/index.ts	recovered/fragments/desktop/packages/client-node-adapter/src/aspects/sei/modules/account/modules/authenticator/index.ts.fragment.js	3823
../../packages/client-node-adapter/src/aspects/sei/modules/account/modules/lifecycle/index.ts	recovered/fragments/desktop/packages/client-node-adapter/src/aspects/sei/modules/account/modules/lifecycle/index.ts.fragment.js	1845
../../packages/client-node-adapter/src/aspects/sei/modules/account/modules/tracer/index.ts	recovered/fragments/desktop/packages/client-node-adapter/src/aspects/sei/modules/account/modules/tracer/index.ts.fragment.js	2797
../../packages/client-node-adapter/src/aspects/sei/modules/account/modules/credential-store/consts.ts	recovered/fragments/desktop/packages/client-node-adapter/src/aspects/sei/modules/account/modules/credential-store/consts.ts.fragment.js	317
../../packages/client-node-adapter/src/aspects/sei/modules/account/modules/credential-store/modules/codec/utils.ts	recovered/fragments/desktop/packages/client-node-adapter/src/aspects/sei/modules/account/modules/credential-store/modules/codec/utils.ts.fragment.js	3529
../../packages/client-node-adapter/src/aspects/sei/modules/account/modules/credential-store/modules/codec/index.ts	recovered/fragments/desktop/packages/client-node-adapter/src/aspects/sei/modules/account/modules/credential-store/modules/codec/index.ts.fragment.js	3977
../../packages/client-node-adapter/src/aspects/sei/modules/account/modules/credential-store/modules/files/consts.ts	recovered/fragments/desktop/packages/client-node-adapter/src/aspects/sei/modules/account/modules/credential-store/modules/files/consts.ts.fragment.js	219
../../packages/client-node-adapter/src/aspects/sei/modules/account/modules/credential-store/modules/files/utils.ts	recovered/fragments/desktop/packages/client-node-adapter/src/aspects/sei/modules/account/modules/credential-store/modules/files/utils.ts.fragment.js	2075
../../packages/client-node-adapter/src/aspects/sei/modules/account/modules/credential-store/modules/files/index.ts	recovered/fragments/desktop/packages/client-node-adapter/src/aspects/sei/modules/account/modules/credential-store/modules/files/index.ts.fragment.js	4701
../../packages/client-node-adapter/src/aspects/sei/modules/account/modules/credential-store/utils.ts	recovered/fragments/desktop/packages/client-node-adapter/src/aspects/sei/modules/account/modules/credential-store/utils.ts.fragment.js	710
../../packages/client-node-adapter/src/aspects/sei/modules/account/modules/credential-store/index.ts	recovered/fragments/desktop/packages/client-node-adapter/src/aspects/sei/modules/account/modules/credential-store/index.ts.fragment.js	4381
../../packages/client-node-adapter/src/aspects/sei/modules/account/modules/local-session/consts.ts	recovered/fragments/desktop/packages/client-node-adapter/src/aspects/sei/modules/account/modules/local-session/consts.ts.fragment.js	68
../../packages/client-node-adapter/src/aspects/sei/modules/account/modules/auth-cookie/consts.ts	recovered/fragments/desktop/packages/client-node-adapter/src/aspects/sei/modules/account/modules/auth-cookie/consts.ts.fragment.js	217
../../packages/client-node-adapter/src/aspects/sei/modules/account/modules/auth-cookie/utils.ts	recovered/fragments/desktop/packages/client-node-adapter/src/aspects/sei/modules/account/modules/auth-cookie/utils.ts.fragment.js	889
../../packages/client-node-adapter/src/aspects/sei/modules/account/modules/auth-cookie/index.ts	recovered/fragments/desktop/packages/client-node-adapter/src/aspects/sei/modules/account/modules/auth-cookie/index.ts.fragment.js	663
../../packages/client-node-adapter/src/aspects/sei/modules/account/modules/local-session/modules/web-session/consts.ts	recovered/fragments/desktop/packages/client-node-adapter/src/aspects/sei/modules/account/modules/local-session/modules/web-session/consts.ts.fragment.js	47
../../packages/client-node-adapter/src/aspects/sei/modules/account/modules/local-session/modules/web-session/index.ts	recovered/fragments/desktop/packages/client-node-adapter/src/aspects/sei/modules/account/modules/local-session/modules/web-session/index.ts.fragment.js	2236
../../packages/client-node-adapter/src/aspects/sei/modules/account/modules/local-session/index.ts	recovered/fragments/desktop/packages/client-node-adapter/src/aspects/sei/modules/account/modules/local-session/index.ts.fragment.js	2807
../../packages/client-node-adapter/src/aspects/sei/modules/account/modules/session-transition/modules/sign-out/index.ts	recovered/fragments/desktop/packages/client-node-adapter/src/aspects/sei/modules/account/modules/session-transition/modules/sign-out/index.ts.fragment.js	3873
../../packages/client-node-adapter/src/aspects/sei/modules/account/modules/session-transition/index.ts	recovered/fragments/desktop/packages/client-node-adapter/src/aspects/sei/modules/account/modules/session-transition/index.ts.fragment.js	5124
../../packages/client-node-adapter/src/aspects/sei/modules/account/modules/active-sign-out/index.ts	recovered/fragments/desktop/packages/client-node-adapter/src/aspects/sei/modules/account/modules/active-sign-out/index.ts.fragment.js	1925
../../packages/client-node-adapter/src/aspects/sei/modules/account/modules/api-client/index.ts	recovered/fragments/desktop/packages/client-node-adapter/src/aspects/sei/modules/account/modules/api-client/index.ts.fragment.js	914
../../packages/client-node-adapter/src/aspects/sei/modules/account/modules/client-upgrade-policy/index.ts	recovered/fragments/desktop/packages/client-node-adapter/src/aspects/sei/modules/account/modules/client-upgrade-policy/index.ts.fragment.js	3117
../../packages/client-node-adapter/src/aspects/sei/modules/account/modules/initializer/index.ts	recovered/fragments/desktop/packages/client-node-adapter/src/aspects/sei/modules/account/modules/initializer/index.ts.fragment.js	2212
../../packages/client-node-adapter/src/aspects/sei/modules/account/modules/legacy-file-inventory-cleanup/consts.ts	recovered/fragments/desktop/packages/client-node-adapter/src/aspects/sei/modules/account/modules/legacy-file-inventory-cleanup/consts.ts.fragment.js	58
../../packages/client-node-adapter/src/aspects/sei/modules/account/modules/legacy-file-inventory-cleanup/index.ts	recovered/fragments/desktop/packages/client-node-adapter/src/aspects/sei/modules/account/modules/legacy-file-inventory-cleanup/index.ts.fragment.js	1418
../../packages/client-node-adapter/src/aspects/sei/modules/account/modules/login/consts.ts	recovered/fragments/desktop/packages/client-node-adapter/src/aspects/sei/modules/account/modules/login/consts.ts.fragment.js	52
../../packages/client-node-adapter/src/aspects/sei/modules/account/modules/login/index.ts	recovered/fragments/desktop/packages/client-node-adapter/src/aspects/sei/modules/account/modules/login/index.ts.fragment.js	4112
../../packages/client-node-adapter/src/aspects/sei/modules/account/modules/reader/modules/refresh/index.ts	recovered/fragments/desktop/packages/client-node-adapter/src/aspects/sei/modules/account/modules/reader/modules/refresh/index.ts.fragment.js	6248
../../packages/client-node-adapter/src/aspects/sei/modules/account/modules/reader/index.ts	recovered/fragments/desktop/packages/client-node-adapter/src/aspects/sei/modules/account/modules/reader/index.ts.fragment.js	4929
../../packages/client-node-adapter/src/aspects/sei/modules/account/modules/selection/index.ts	recovered/fragments/desktop/packages/client-node-adapter/src/aspects/sei/modules/account/modules/selection/index.ts.fragment.js	967
../../packages/client-node-adapter/src/aspects/sei/modules/account/index.ts	recovered/fragments/desktop/packages/client-node-adapter/src/aspects/sei/modules/account/index.ts.fragment.js	7931
../../packages/client-node-adapter/src/aspects/nei/modules/account/index.ts	recovered/fragments/desktop/packages/client-node-adapter/src/aspects/nei/modules/account/index.ts.fragment.js	514
../../packages/client-node-adapter/src/aspects/sei/modules/features/consts.ts	recovered/fragments/desktop/packages/client-node-adapter/src/aspects/sei/modules/features/consts.ts.fragment.js	55
../../packages/client-node-adapter/src/aspects/sei/modules/features/index.ts	recovered/fragments/desktop/packages/client-node-adapter/src/aspects/sei/modules/features/index.ts.fragment.js	2240
../../packages/client-node-adapter/src/aspects/nei/modules/features/index.ts	recovered/fragments/desktop/packages/client-node-adapter/src/aspects/nei/modules/features/index.ts.fragment.js	957
../../packages/platform-interface/metrics/index.ts	recovered/fragments/desktop/packages/platform-interface/metrics/index.ts.fragment.js	889
../../packages/client-node-adapter/src/aspects/sei/modules/logs/consts.ts	recovered/fragments/desktop/packages/client-node-adapter/src/aspects/sei/modules/logs/consts.ts.fragment.js	51
../../packages/client-node-adapter/src/aspects/sei/modules/logs/modules/sentry/utils.ts	recovered/fragments/desktop/packages/client-node-adapter/src/aspects/sei/modules/logs/modules/sentry/utils.ts.fragment.js	2080
../../packages/client-node-adapter/src/aspects/sei/modules/logs/modules/context/modules/upload-diagnostics/utils.ts	recovered/fragments/desktop/packages/client-node-adapter/src/aspects/sei/modules/logs/modules/context/modules/upload-diagnostics/utils.ts.fragment.js	313
../../packages/client-node-adapter/src/aspects/sei/modules/logs/modules/context/modules/upload-diagnostics/index.ts	recovered/fragments/desktop/packages/client-node-adapter/src/aspects/sei/modules/logs/modules/context/modules/upload-diagnostics/index.ts.fragment.js	2518
../../packages/client-node-adapter/src/aspects/sei/modules/logs/modules/context/index.ts	recovered/fragments/desktop/packages/client-node-adapter/src/aspects/sei/modules/logs/modules/context/index.ts.fragment.js	4492
../../packages/client-node-adapter/src/aspects/sei/modules/logs/modules/dispatcher/index.ts	recovered/fragments/desktop/packages/client-node-adapter/src/aspects/sei/modules/logs/modules/dispatcher/index.ts.fragment.js	2512
../../packages/client-node-adapter/src/aspects/sei/modules/logs/modules/base/logs-push-target/index.ts	recovered/fragments/desktop/packages/client-node-adapter/src/aspects/sei/modules/logs/modules/base/logs-push-target/index.ts.fragment.js	99
../../packages/client-node-adapter/src/aspects/sei/modules/logs/modules/file-store/consts.ts	recovered/fragments/desktop/packages/client-node-adapter/src/aspects/sei/modules/logs/modules/file-store/consts.ts.fragment.js	454
../../packages/client-node-adapter/src/aspects/sei/modules/logs/modules/file-store/utils.ts	recovered/fragments/desktop/packages/client-node-adapter/src/aspects/sei/modules/logs/modules/file-store/utils.ts.fragment.js	1865
../../packages/client-node-adapter/src/aspects/sei/modules/logs/modules/file-store/index.ts	recovered/fragments/desktop/packages/client-node-adapter/src/aspects/sei/modules/logs/modules/file-store/index.ts.fragment.js	10709
../../packages/client-node-adapter/src/aspects/sei/modules/logs/modules/file/modules/archive/consts.ts	recovered/fragments/desktop/packages/client-node-adapter/src/aspects/sei/modules/logs/modules/file/modules/archive/consts.ts.fragment.js	249
../../packages/client-node-adapter/src/aspects/sei/modules/logs/modules/file/modules/archive/index.ts	recovered/fragments/desktop/packages/client-node-adapter/src/aspects/sei/modules/logs/modules/file/modules/archive/index.ts.fragment.js	8310
../../packages/client-node-adapter/src/aspects/sei/modules/logs/modules/file/modules/uploader/modules/retry-delay/index.ts	recovered/fragments/desktop/packages/client-node-adapter/src/aspects/sei/modules/logs/modules/file/modules/uploader/modules/retry-delay/index.ts.fragment.js	487
../../packages/client-node-adapter/src/aspects/sei/modules/logs/modules/file/modules/uploader/modules/upload-file-provider/modules/upload-file/index.ts	recovered/fragments/desktop/packages/client-node-adapter/src/aspects/sei/modules/logs/modules/file/modules/uploader/modules/upload-file-provider/modules/upload-file/index.ts.fragment.js	861
../../packages/client-node-adapter/src/aspects/sei/modules/logs/modules/file/modules/uploader/modules/upload-file-provider/index.ts	recovered/fragments/desktop/packages/client-node-adapter/src/aspects/sei/modules/logs/modules/file/modules/uploader/modules/upload-file-provider/index.ts.fragment.js	379
../../packages/client-node-adapter/src/aspects/sei/modules/logs/modules/file/modules/uploader/index.ts	recovered/fragments/desktop/packages/client-node-adapter/src/aspects/sei/modules/logs/modules/file/modules/uploader/index.ts.fragment.js	13652
../../packages/client-node-adapter/src/aspects/sei/modules/logs/modules/file/index.ts	recovered/fragments/desktop/packages/client-node-adapter/src/aspects/sei/modules/logs/modules/file/index.ts.fragment.js	1530
../../packages/client-node-adapter/src/aspects/sei/modules/logs/modules/sentry/modules/client/index.ts	recovered/fragments/desktop/packages/client-node-adapter/src/aspects/sei/modules/logs/modules/sentry/modules/client/index.ts.fragment.js	1764
../../packages/client-node-adapter/src/aspects/sei/modules/logs/modules/metrics/index.ts	recovered/fragments/desktop/packages/client-node-adapter/src/aspects/sei/modules/logs/modules/metrics/index.ts.fragment.js	886
../../packages/client-node-adapter/src/aspects/sei/modules/logs/modules/runtime-diagnostics/consts.ts	recovered/fragments/desktop/packages/client-node-adapter/src/aspects/sei/modules/logs/modules/runtime-diagnostics/consts.ts.fragment.js	423
../../packages/client-node-adapter/src/aspects/sei/modules/logs/modules/runtime-diagnostics/utils.ts	recovered/fragments/desktop/packages/client-node-adapter/src/aspects/sei/modules/logs/modules/runtime-diagnostics/utils.ts.fragment.js	11963
../../packages/client-node-adapter/src/aspects/sei/modules/logs/modules/sentry/index.ts	recovered/fragments/desktop/packages/client-node-adapter/src/aspects/sei/modules/logs/modules/sentry/index.ts.fragment.js	1285
../../packages/client-node-adapter/src/aspects/sei/modules/logs/modules/runtime-diagnostics/modules/recorder/index.ts	recovered/fragments/desktop/packages/client-node-adapter/src/aspects/sei/modules/logs/modules/runtime-diagnostics/modules/recorder/index.ts.fragment.js	3168
../../packages/client-node-adapter/src/aspects/sei/modules/logs/modules/runtime-diagnostics/modules/process-output/consts.ts	recovered/fragments/desktop/packages/client-node-adapter/src/aspects/sei/modules/logs/modules/runtime-diagnostics/modules/process-output/consts.ts.fragment.js	143
../../packages/client-node-adapter/src/aspects/sei/modules/logs/modules/runtime-diagnostics/modules/process-output/index.ts	recovered/fragments/desktop/packages/client-node-adapter/src/aspects/sei/modules/logs/modules/runtime-diagnostics/modules/process-output/index.ts.fragment.js	7067
../../packages/client-node-adapter/src/aspects/sei/modules/logs/modules/runtime-diagnostics/modules/node-console/consts.ts	recovered/fragments/desktop/packages/client-node-adapter/src/aspects/sei/modules/logs/modules/runtime-diagnostics/modules/node-console/consts.ts.fragment.js	62
../../packages/client-node-adapter/src/aspects/sei/modules/logs/modules/runtime-diagnostics/modules/node-console/index.ts	recovered/fragments/desktop/packages/client-node-adapter/src/aspects/sei/modules/logs/modules/runtime-diagnostics/modules/node-console/index.ts.fragment.js	3440
../../packages/client-node-adapter/src/aspects/sei/modules/logs/modules/runtime-diagnostics/modules/node-network/consts.ts	recovered/fragments/desktop/packages/client-node-adapter/src/aspects/sei/modules/logs/modules/runtime-diagnostics/modules/node-network/consts.ts.fragment.js	417
../../packages/client-node-adapter/src/aspects/sei/modules/logs/modules/runtime-diagnostics/modules/node-network/utils.ts	recovered/fragments/desktop/packages/client-node-adapter/src/aspects/sei/modules/logs/modules/runtime-diagnostics/modules/node-network/utils.ts.fragment.js	1669
../../packages/client-node-adapter/src/aspects/sei/modules/logs/modules/runtime-diagnostics/modules/node-network/index.ts	recovered/fragments/desktop/packages/client-node-adapter/src/aspects/sei/modules/logs/modules/runtime-diagnostics/modules/node-network/index.ts.fragment.js	8516
../../packages/client-node-adapter/src/aspects/sei/modules/logs/modules/runtime-diagnostics/modules/web-console/consts.ts	recovered/fragments/desktop/packages/client-node-adapter/src/aspects/sei/modules/logs/modules/runtime-diagnostics/modules/web-console/consts.ts.fragment.js	60
../../packages/client-node-adapter/src/aspects/sei/modules/logs/modules/runtime-diagnostics/modules/web-console/index.ts	recovered/fragments/desktop/packages/client-node-adapter/src/aspects/sei/modules/logs/modules/runtime-diagnostics/modules/web-console/index.ts.fragment.js	4208
../../packages/client-node-adapter/src/aspects/sei/modules/logs/modules/runtime-diagnostics/modules/web-network/consts.ts	recovered/fragments/desktop/packages/client-node-adapter/src/aspects/sei/modules/logs/modules/runtime-diagnostics/modules/web-network/consts.ts.fragment.js	278
../../packages/client-node-adapter/src/aspects/sei/modules/logs/modules/runtime-diagnostics/modules/web-network/index.ts	recovered/fragments/desktop/packages/client-node-adapter/src/aspects/sei/modules/logs/modules/runtime-diagnostics/modules/web-network/index.ts.fragment.js	7089
../../packages/client-node-adapter/src/aspects/sei/modules/logs/modules/runtime-diagnostics/modules/web-runtime/consts.ts	recovered/fragments/desktop/packages/client-node-adapter/src/aspects/sei/modules/logs/modules/runtime-diagnostics/modules/web-runtime/consts.ts.fragment.js	335
../../packages/client-node-adapter/src/aspects/sei/modules/logs/modules/runtime-diagnostics/modules/web-runtime/utils.ts	recovered/fragments/desktop/packages/client-node-adapter/src/aspects/sei/modules/logs/modules/runtime-diagnostics/modules/web-runtime/utils.ts.fragment.js	562
../../packages/client-node-adapter/src/aspects/sei/modules/logs/modules/runtime-diagnostics/modules/web-runtime/index.ts	recovered/fragments/desktop/packages/client-node-adapter/src/aspects/sei/modules/logs/modules/runtime-diagnostics/modules/web-runtime/index.ts.fragment.js	7430
../../packages/client-node-adapter/src/aspects/sei/modules/logs/modules/runtime-diagnostics/index.ts	recovered/fragments/desktop/packages/client-node-adapter/src/aspects/sei/modules/logs/modules/runtime-diagnostics/index.ts.fragment.js	3100
../../packages/client-node-adapter/src/aspects/sei/modules/logs/index.ts	recovered/fragments/desktop/packages/client-node-adapter/src/aspects/sei/modules/logs/index.ts.fragment.js	13882
../../packages/client-node-adapter/src/aspects/nei/modules/logs/index.ts	recovered/fragments/desktop/packages/client-node-adapter/src/aspects/nei/modules/logs/index.ts.fragment.js	671
../../packages/client-node-adapter/src/aspects/nei/modules/preferences/index.ts	recovered/fragments/desktop/packages/client-node-adapter/src/aspects/nei/modules/preferences/index.ts.fragment.js	729
../../packages/client-node-adapter/src/aspects/sei/modules/shortcuts/consts.ts	recovered/fragments/desktop/packages/client-node-adapter/src/aspects/sei/modules/shortcuts/consts.ts.fragment.js	111
../../packages/client-node-adapter/src/aspects/sei/modules/shortcuts/modules/runtime/index.ts	recovered/fragments/desktop/packages/client-node-adapter/src/aspects/sei/modules/shortcuts/modules/runtime/index.ts.fragment.js	1578
../../packages/client-node-adapter/src/aspects/sei/modules/shortcuts/utils.ts	recovered/fragments/desktop/packages/client-node-adapter/src/aspects/sei/modules/shortcuts/utils.ts.fragment.js	7333
../../packages/client-node-adapter/src/aspects/sei/modules/shortcuts/modules/state/modules/store/utils.ts	recovered/fragments/desktop/packages/client-node-adapter/src/aspects/sei/modules/shortcuts/modules/state/modules/store/utils.ts.fragment.js	1351
../../packages/client-node-adapter/src/aspects/sei/modules/shortcuts/modules/state/modules/store/index.ts	recovered/fragments/desktop/packages/client-node-adapter/src/aspects/sei/modules/shortcuts/modules/state/modules/store/index.ts.fragment.js	1331
../../packages/client-node-adapter/src/aspects/sei/modules/shortcuts/modules/state/index.ts	recovered/fragments/desktop/packages/client-node-adapter/src/aspects/sei/modules/shortcuts/modules/state/index.ts.fragment.js	3561
../../packages/client-node-adapter/src/aspects/sei/modules/shortcuts/modules/legacy-migration/consts.ts	recovered/fragments/desktop/packages/client-node-adapter/src/aspects/sei/modules/shortcuts/modules/legacy-migration/consts.ts.fragment.js	338
../../packages/client-node-adapter/src/aspects/sei/modules/shortcuts/modules/legacy-migration/utils.ts	recovered/fragments/desktop/packages/client-node-adapter/src/aspects/sei/modules/shortcuts/modules/legacy-migration/utils.ts.fragment.js	2182
../../packages/client-node-adapter/src/aspects/sei/modules/shortcuts/modules/legacy-migration/index.ts	recovered/fragments/desktop/packages/client-node-adapter/src/aspects/sei/modules/shortcuts/modules/legacy-migration/index.ts.fragment.js	1857
../../packages/client-node-adapter/src/aspects/sei/modules/shortcuts/index.ts	recovered/fragments/desktop/packages/client-node-adapter/src/aspects/sei/modules/shortcuts/index.ts.fragment.js	9735
../../packages/client-node-adapter/src/aspects/nei/modules/shortcuts/index.ts	recovered/fragments/desktop/packages/client-node-adapter/src/aspects/nei/modules/shortcuts/index.ts.fragment.js	711
../../packages/realtime-contract/src/protocol-capabilities.ts	recovered/fragments/desktop/packages/realtime-contract/src/protocol-capabilities.ts.fragment.js	1532
../../packages/realtime-contract/src/socket/event-names.ts	recovered/fragments/desktop/packages/realtime-contract/src/socket/event-names.ts.fragment.js	3382
../../packages/realtime-contract/src/socket/client-log-upload.ts	recovered/fragments/desktop/packages/realtime-contract/src/socket/client-log-upload.ts.fragment.js	2942
../../packages/realtime-contract/src/socket/recording-offer.ts	recovered/fragments/desktop/packages/realtime-contract/src/socket/recording-offer.ts.fragment.js	3598
../../packages/realtime-contract/src/socket/index.ts	recovered/fragments/desktop/packages/realtime-contract/src/socket/index.ts.fragment.js	1
../../packages/realtime-contract/src/today-page/index.ts	recovered/fragments/desktop/packages/realtime-contract/src/today-page/index.ts.fragment.js	229
../../packages/api-client/src/generated/zod.gen.ts	recovered/fragments/desktop/packages/api-client/src/generated/zod.gen.ts.fragment.js	792580
../../packages/realtime-contract/src/chat/messages.ts	recovered/fragments/desktop/packages/realtime-contract/src/chat/messages.ts.fragment.js	46263
../../packages/realtime-contract/src/chat/events.ts	recovered/fragments/desktop/packages/realtime-contract/src/chat/events.ts.fragment.js	21471
../../packages/realtime-contract/src/chat/threads.ts	recovered/fragments/desktop/packages/realtime-contract/src/chat/threads.ts.fragment.js	1484
../../packages/realtime-contract/src/chat/voice.ts	recovered/fragments/desktop/packages/realtime-contract/src/chat/voice.ts.fragment.js	5503
../../packages/realtime-contract/src/chat/index.ts	recovered/fragments/desktop/packages/realtime-contract/src/chat/index.ts.fragment.js	1
../../packages/realtime-contract/src/socket/schemas.ts	recovered/fragments/desktop/packages/realtime-contract/src/socket/schemas.ts.fragment.js	3223
../../packages/realtime-contract/src/socket/normalization.ts	recovered/fragments/desktop/packages/realtime-contract/src/socket/normalization.ts.fragment.js	5910
../../packages/client-node-adapter/src/aspects/sei/modules/debug/modules/user-socket/utils.ts	recovered/fragments/desktop/packages/client-node-adapter/src/aspects/sei/modules/debug/modules/user-socket/utils.ts.fragment.js	1149
../../packages/client-node-adapter/src/aspects/sei/modules/debug/modules/user-socket/index.ts	recovered/fragments/desktop/packages/client-node-adapter/src/aspects/sei/modules/debug/modules/user-socket/index.ts.fragment.js	988
../../packages/utils/src/desktop-connectors.ts	recovered/fragments/desktop/packages/utils/src/desktop-connectors.ts.fragment.js	8094
../../packages/client-node-adapter/src/aspects/sei/modules/tool-authorization/consts.ts	recovered/fragments/desktop/packages/client-node-adapter/src/aspects/sei/modules/tool-authorization/consts.ts.fragment.js	479
../../packages/client-node-adapter/src/aspects/sei/modules/tool-authorization/modules/debug-overrides/index.ts	recovered/fragments/desktop/packages/client-node-adapter/src/aspects/sei/modules/tool-authorization/modules/debug-overrides/index.ts.fragment.js	7053
../../packages/client-node-adapter/src/aspects/sei/modules/tool-authorization/modules/file-scope/consts.ts	recovered/fragments/desktop/packages/client-node-adapter/src/aspects/sei/modules/tool-authorization/modules/file-scope/consts.ts.fragment.js	813
../../packages/client-node-adapter/src/aspects/sei/modules/tool-authorization/modules/file-scope/modules/path-resolver/utils.ts	recovered/fragments/desktop/packages/client-node-adapter/src/aspects/sei/modules/tool-authorization/modules/file-scope/modules/path-resolver/utils.ts.fragment.js	701
../../packages/client-node-adapter/src/aspects/sei/modules/tool-authorization/modules/file-scope/modules/path-resolver/index.ts	recovered/fragments/desktop/packages/client-node-adapter/src/aspects/sei/modules/tool-authorization/modules/file-scope/modules/path-resolver/index.ts.fragment.js	5511
../../packages/client-node-adapter/src/aspects/sei/modules/tool-authorization/modules/file-scope/utils.ts	recovered/fragments/desktop/packages/client-node-adapter/src/aspects/sei/modules/tool-authorization/modules/file-scope/utils.ts.fragment.js	673
../../packages/client-node-adapter/src/aspects/sei/modules/tool-authorization/modules/file-scope/schema.ts	recovered/fragments/desktop/packages/client-node-adapter/src/aspects/sei/modules/tool-authorization/modules/file-scope/schema.ts.fragment.js	6731
../../packages/client-node-adapter/src/aspects/sei/modules/tool-authorization/modules/file-scope/index.ts	recovered/fragments/desktop/packages/client-node-adapter/src/aspects/sei/modules/tool-authorization/modules/file-scope/index.ts.fragment.js	13456
../../packages/client-node-adapter/src/aspects/sei/modules/tool-authorization/utils.ts	recovered/fragments/desktop/packages/client-node-adapter/src/aspects/sei/modules/tool-authorization/utils.ts.fragment.js	866
../../packages/client-node-adapter/src/aspects/sei/modules/tool-authorization/modules/initializer/index.ts	recovered/fragments/desktop/packages/client-node-adapter/src/aspects/sei/modules/tool-authorization/modules/initializer/index.ts.fragment.js	5267
../../packages/client-node-adapter/src/aspects/sei/modules/tool-authorization/modules/store/consts.ts	recovered/fragments/desktop/packages/client-node-adapter/src/aspects/sei/modules/tool-authorization/modules/store/consts.ts.fragment.js	130
../../packages/client-node-adapter/src/aspects/sei/modules/tool-authorization/modules/store/utils.ts	recovered/fragments/desktop/packages/client-node-adapter/src/aspects/sei/modules/tool-authorization/modules/store/utils.ts.fragment.js	3081
../../packages/client-node-adapter/src/aspects/sei/modules/tool-authorization/modules/store/index.ts	recovered/fragments/desktop/packages/client-node-adapter/src/aspects/sei/modules/tool-authorization/modules/store/index.ts.fragment.js	2814
../../packages/client-node-adapter/src/aspects/sei/modules/tool-authorization/index.ts	recovered/fragments/desktop/packages/client-node-adapter/src/aspects/sei/modules/tool-authorization/index.ts.fragment.js	14324
../../packages/client-node-adapter/src/aspects/sei/modules/socket/consts.ts	recovered/fragments/desktop/packages/client-node-adapter/src/aspects/sei/modules/socket/consts.ts.fragment.js	48
../../packages/socket/src/url.ts	recovered/fragments/desktop/packages/socket/src/url.ts.fragment.js	211
../../packages/socket/src/base/index.ts	recovered/fragments/desktop/packages/socket/src/base/index.ts.fragment.js	861
../../packages/socket/src/classic/index.ts	recovered/fragments/desktop/packages/socket/src/classic/index.ts.fragment.js	61469
../../packages/client-node-adapter/src/aspects/sei/modules/socket/modules/client/index.ts	recovered/fragments/desktop/packages/client-node-adapter/src/aspects/sei/modules/socket/modules/client/index.ts.fragment.js	200
../../packages/client-node-adapter/src/consts/device-registration.ts	recovered/fragments/desktop/packages/client-node-adapter/src/consts/device-registration.ts.fragment.js	660
../../packages/client-node-adapter/src/aspects/sei/modules/socket/modules/device-profile/index.ts	recovered/fragments/desktop/packages/client-node-adapter/src/aspects/sei/modules/socket/modules/device-profile/index.ts.fragment.js	2096
../../packages/client-node-adapter/src/aspects/sei/modules/socket/modules/native-tools/utils.ts	recovered/fragments/desktop/packages/client-node-adapter/src/aspects/sei/modules/socket/modules/native-tools/utils.ts.fragment.js	3216
../../packages/client-node-adapter/src/aspects/sei/modules/socket/modules/native-tools/index.ts	recovered/fragments/desktop/packages/client-node-adapter/src/aspects/sei/modules/socket/modules/native-tools/index.ts.fragment.js	10737
../../packages/client-node-adapter/src/aspects/sei/modules/socket/modules/notifications/consts.ts	recovered/fragments/desktop/packages/client-node-adapter/src/aspects/sei/modules/socket/modules/notifications/consts.ts.fragment.js	59
../../packages/client-node-adapter/src/aspects/sei/modules/socket/modules/notifications/modules/badge/consts.ts	recovered/fragments/desktop/packages/client-node-adapter/src/aspects/sei/modules/socket/modules/notifications/modules/badge/consts.ts.fragment.js	69
../../packages/client-node-adapter/src/aspects/sei/modules/socket/modules/notifications/modules/badge/modules/host/index.ts	recovered/fragments/desktop/packages/client-node-adapter/src/aspects/sei/modules/socket/modules/notifications/modules/badge/modules/host/index.ts.fragment.js	2427
../../packages/client-node-adapter/src/aspects/sei/modules/socket/utils.ts	recovered/fragments/desktop/packages/client-node-adapter/src/aspects/sei/modules/socket/utils.ts.fragment.js	3582
../../packages/client-node-adapter/src/aspects/sei/modules/socket/modules/notifications/modules/badge/modules/unread-status/index.ts	recovered/fragments/desktop/packages/client-node-adapter/src/aspects/sei/modules/socket/modules/notifications/modules/badge/modules/unread-status/index.ts.fragment.js	937
../../packages/client-node-adapter/src/aspects/sei/modules/socket/modules/notifications/modules/badge/index.ts	recovered/fragments/desktop/packages/client-node-adapter/src/aspects/sei/modules/socket/modules/notifications/modules/badge/index.ts.fragment.js	3257
../../packages/client-node-adapter/src/aspects/sei/modules/socket/modules/notifications/modules/delivery/consts.ts	recovered/fragments/desktop/packages/client-node-adapter/src/aspects/sei/modules/socket/modules/notifications/modules/delivery/consts.ts.fragment.js	241
../../packages/client-node-adapter/src/aspects/sei/modules/socket/modules/notifications/modules/delivery/modules/deduplicator/index.ts	recovered/fragments/desktop/packages/client-node-adapter/src/aspects/sei/modules/socket/modules/notifications/modules/delivery/modules/deduplicator/index.ts.fragment.js	1449
../../packages/client-node-adapter/src/aspects/sei/modules/socket/modules/notifications/modules/delivery/modules/presentation/index.ts	recovered/fragments/desktop/packages/client-node-adapter/src/aspects/sei/modules/socket/modules/notifications/modules/delivery/modules/presentation/index.ts.fragment.js	2432
../../packages/client-node-adapter/src/aspects/sei/modules/socket/modules/notifications/modules/delivery/utils.ts	recovered/fragments/desktop/packages/client-node-adapter/src/aspects/sei/modules/socket/modules/notifications/modules/delivery/utils.ts.fragment.js	1824
../../packages/client-node-adapter/src/aspects/sei/modules/socket/modules/notifications/modules/delivery/index.ts	recovered/fragments/desktop/packages/client-node-adapter/src/aspects/sei/modules/socket/modules/notifications/modules/delivery/index.ts.fragment.js	8467
../../packages/client-node-adapter/src/aspects/sei/modules/socket/modules/notifications/modules/presence/consts.ts	recovered/fragments/desktop/packages/client-node-adapter/src/aspects/sei/modules/socket/modules/notifications/modules/presence/consts.ts.fragment.js	134
../../packages/client-node-adapter/src/aspects/sei/modules/socket/modules/notifications/modules/presence/index.ts	recovered/fragments/desktop/packages/client-node-adapter/src/aspects/sei/modules/socket/modules/notifications/modules/presence/index.ts.fragment.js	3212
../../packages/client-node-adapter/src/aspects/sei/modules/socket/modules/notifications/modules/remote-push/modules/host/utils.ts	recovered/fragments/desktop/packages/client-node-adapter/src/aspects/sei/modules/socket/modules/notifications/modules/remote-push/modules/host/utils.ts.fragment.js	374
../../packages/client-node-adapter/src/aspects/sei/modules/socket/modules/notifications/modules/remote-push/modules/host/index.ts	recovered/fragments/desktop/packages/client-node-adapter/src/aspects/sei/modules/socket/modules/notifications/modules/remote-push/modules/host/index.ts.fragment.js	2290
../../packages/client-node-adapter/src/aspects/sei/modules/socket/modules/notifications/modules/remote-push/modules/registration/consts.ts	recovered/fragments/desktop/packages/client-node-adapter/src/aspects/sei/modules/socket/modules/notifications/modules/remote-push/modules/registration/consts.ts.fragment.js	81
../../packages/client-node-adapter/src/aspects/sei/modules/socket/modules/notifications/modules/remote-push/modules/registration/modules/store/consts.ts	recovered/fragments/desktop/packages/client-node-adapter/src/aspects/sei/modules/socket/modules/notifications/modules/remote-push/modules/registration/modules/store/consts.ts.fragment.js	139
../../packages/client-node-adapter/src/aspects/sei/modules/socket/modules/notifications/modules/remote-push/modules/registration/modules/store/utils.ts	recovered/fragments/desktop/packages/client-node-adapter/src/aspects/sei/modules/socket/modules/notifications/modules/remote-push/modules/registration/modules/store/utils.ts.fragment.js	1682
../../packages/client-node-adapter/src/aspects/sei/modules/socket/modules/notifications/modules/remote-push/modules/registration/modules/store/index.ts	recovered/fragments/desktop/packages/client-node-adapter/src/aspects/sei/modules/socket/modules/notifications/modules/remote-push/modules/registration/modules/store/index.ts.fragment.js	1945
../../packages/client-node-adapter/src/aspects/sei/modules/socket/modules/notifications/modules/remote-push/modules/registration/utils.ts	recovered/fragments/desktop/packages/client-node-adapter/src/aspects/sei/modules/socket/modules/notifications/modules/remote-push/modules/registration/utils.ts.fragment.js	293
../../packages/client-node-adapter/src/aspects/sei/modules/socket/modules/notifications/modules/remote-push/modules/registration/index.ts	recovered/fragments/desktop/packages/client-node-adapter/src/aspects/sei/modules/socket/modules/notifications/modules/remote-push/modules/registration/index.ts.fragment.js	9022
../../packages/client-node-adapter/src/aspects/sei/modules/socket/modules/notifications/modules/remote-push/index.ts	recovered/fragments/desktop/packages/client-node-adapter/src/aspects/sei/modules/socket/modules/notifications/modules/remote-push/index.ts.fragment.js	1858
../../packages/client-node-adapter/src/aspects/sei/modules/socket/modules/notifications/index.ts	recovered/fragments/desktop/packages/client-node-adapter/src/aspects/sei/modules/socket/modules/notifications/index.ts.fragment.js	6939
../../packages/client-node-adapter/src/aspects/sei/modules/socket/modules/remote-log-upload/index.ts	recovered/fragments/desktop/packages/client-node-adapter/src/aspects/sei/modules/socket/modules/remote-log-upload/index.ts.fragment.js	3862
../../packages/client-node-adapter/src/aspects/sei/modules/socket/modules/tool-catalog-sync/consts.ts	recovered/fragments/desktop/packages/client-node-adapter/src/aspects/sei/modules/socket/modules/tool-catalog-sync/consts.ts.fragment.js	346
../../packages/client-node-adapter/src/aspects/sei/modules/socket/modules/tool-catalog-sync/utils.ts	recovered/fragments/desktop/packages/client-node-adapter/src/aspects/sei/modules/socket/modules/tool-catalog-sync/utils.ts.fragment.js	1548
../../packages/client-node-adapter/src/aspects/sei/modules/socket/modules/tool-catalog-sync/index.ts	recovered/fragments/desktop/packages/client-node-adapter/src/aspects/sei/modules/socket/modules/tool-catalog-sync/index.ts.fragment.js	4651
../../packages/client-node-adapter/src/aspects/sei/modules/socket/index.ts	recovered/fragments/desktop/packages/client-node-adapter/src/aspects/sei/modules/socket/index.ts.fragment.js	33840
../../packages/client-node-adapter/src/aspects/nei/modules/tools/index.ts	recovered/fragments/desktop/packages/client-node-adapter/src/aspects/nei/modules/tools/index.ts.fragment.js	569
../../packages/client-node-adapter/src/aspects/nei/index.ts	recovered/fragments/desktop/packages/client-node-adapter/src/aspects/nei/index.ts.fragment.js	1381
../../packages/client-node-adapter/src/aspects/sei/modules/debug/modules/logs/consts.ts	recovered/fragments/desktop/packages/client-node-adapter/src/aspects/sei/modules/debug/modules/logs/consts.ts.fragment.js	306
../../packages/client-node-adapter/src/aspects/sei/modules/debug/modules/logs/utils.ts	recovered/fragments/desktop/packages/client-node-adapter/src/aspects/sei/modules/debug/modules/logs/utils.ts.fragment.js	5609
../../packages/client-node-adapter/src/aspects/sei/modules/debug/modules/logs/modules/file-reader/index.ts	recovered/fragments/desktop/packages/client-node-adapter/src/aspects/sei/modules/debug/modules/logs/modules/file-reader/index.ts.fragment.js	4027
../../packages/client-node-adapter/src/aspects/sei/modules/debug/modules/logs/index.ts	recovered/fragments/desktop/packages/client-node-adapter/src/aspects/sei/modules/debug/modules/logs/index.ts.fragment.js	3166
../../packages/client-node-adapter/src/aspects/sei/modules/debug/modules/rpc/utils.ts	recovered/fragments/desktop/packages/client-node-adapter/src/aspects/sei/modules/debug/modules/rpc/utils.ts.fragment.js	185
../../packages/client-node-adapter/src/aspects/sei/modules/debug/modules/rpc/index.ts	recovered/fragments/desktop/packages/client-node-adapter/src/aspects/sei/modules/debug/modules/rpc/index.ts.fragment.js	2886
../../packages/client-node-adapter/src/aspects/sei/modules/debug/modules/socket/consts.ts	recovered/fragments/desktop/packages/client-node-adapter/src/aspects/sei/modules/debug/modules/socket/consts.ts.fragment.js	97
../../packages/client-node-adapter/src/aspects/sei/modules/debug/modules/socket/index.ts	recovered/fragments/desktop/packages/client-node-adapter/src/aspects/sei/modules/debug/modules/socket/index.ts.fragment.js	1081
../../packages/client-node-adapter/src/aspects/sei/modules/debug/modules/tools/modules/calls/consts.ts	recovered/fragments/desktop/packages/client-node-adapter/src/aspects/sei/modules/debug/modules/tools/modules/calls/consts.ts.fragment.js	226
../../packages/client-node-adapter/src/aspects/sei/modules/debug/modules/tools/modules/calls/utils.ts	recovered/fragments/desktop/packages/client-node-adapter/src/aspects/sei/modules/debug/modules/tools/modules/calls/utils.ts.fragment.js	1814
../../packages/client-node-adapter/src/aspects/sei/modules/debug/modules/tools/modules/calls/index.ts	recovered/fragments/desktop/packages/client-node-adapter/src/aspects/sei/modules/debug/modules/tools/modules/calls/index.ts.fragment.js	13138
../../packages/client-node-adapter/src/aspects/sei/modules/debug/modules/tools/index.ts	recovered/fragments/desktop/packages/client-node-adapter/src/aspects/sei/modules/debug/modules/tools/index.ts.fragment.js	8182
../../packages/client-node-adapter/src/aspects/sei/modules/debug/index.ts	recovered/fragments/desktop/packages/client-node-adapter/src/aspects/sei/modules/debug/index.ts.fragment.js	1251
../../packages/client-node-adapter/src/aspects/sei/modules/device-connector-sync/consts.ts	recovered/fragments/desktop/packages/client-node-adapter/src/aspects/sei/modules/device-connector-sync/consts.ts.fragment.js	4384
../../packages/client-node-adapter/src/aspects/sei/modules/device-connector-sync/utils.ts	recovered/fragments/desktop/packages/client-node-adapter/src/aspects/sei/modules/device-connector-sync/utils.ts.fragment.js	14151
../../packages/client-node-adapter/src/aspects/sei/modules/device-connector-sync/modules/backend/utils.ts	recovered/fragments/desktop/packages/client-node-adapter/src/aspects/sei/modules/device-connector-sync/modules/backend/utils.ts.fragment.js	1161
../../packages/client-node-adapter/src/aspects/sei/modules/device-connector-sync/modules/backend/index.ts	recovered/fragments/desktop/packages/client-node-adapter/src/aspects/sei/modules/device-connector-sync/modules/backend/index.ts.fragment.js	3653
../../packages/client-node-adapter/src/aspects/sei/modules/device-connector-sync/modules/store/utils.ts	recovered/fragments/desktop/packages/client-node-adapter/src/aspects/sei/modules/device-connector-sync/modules/store/utils.ts.fragment.js	1039
../../packages/client-node-adapter/src/aspects/sei/modules/device-connector-sync/modules/store/index.ts	recovered/fragments/desktop/packages/client-node-adapter/src/aspects/sei/modules/device-connector-sync/modules/store/index.ts.fragment.js	5949
../../packages/client-node-adapter/src/aspects/sei/modules/device-connector-sync/modules/engine/utils.ts	recovered/fragments/desktop/packages/client-node-adapter/src/aspects/sei/modules/device-connector-sync/modules/engine/utils.ts.fragment.js	1187
../../packages/client-node-adapter/src/aspects/sei/modules/device-connector-sync/modules/engine/index.ts	recovered/fragments/desktop/packages/client-node-adapter/src/aspects/sei/modules/device-connector-sync/modules/engine/index.ts.fragment.js	36425
../../packages/client-node-adapter/src/aspects/sei/modules/device-connector-sync/modules/policy-loader/index.ts	recovered/fragments/desktop/packages/client-node-adapter/src/aspects/sei/modules/device-connector-sync/modules/policy-loader/index.ts.fragment.js	2804
../../packages/client-node-adapter/src/aspects/sei/modules/tools/modules/file-inventory/consts.ts	recovered/fragments/desktop/packages/client-node-adapter/src/aspects/sei/modules/tools/modules/file-inventory/consts.ts.fragment.js	123
../../packages/client-node-adapter/src/aspects/sei/modules/tools/modules/file-inventory/modules/uploader/index.ts	recovered/fragments/desktop/packages/client-node-adapter/src/aspects/sei/modules/tools/modules/file-inventory/modules/uploader/index.ts.fragment.js	2639
../../packages/client-node-adapter/src/aspects/sei/modules/tools/modules/file-inventory/index.ts	recovered/fragments/desktop/packages/client-node-adapter/src/aspects/sei/modules/tools/modules/file-inventory/index.ts.fragment.js	7801
../../packages/client-node-adapter/src/aspects/sei/modules/tools/index.ts	recovered/fragments/desktop/packages/client-node-adapter/src/aspects/sei/modules/tools/index.ts.fragment.js	7506
../../packages/client-node-adapter/src/aspects/sei/modules/device-connector-sync/modules/triggers/index.ts	recovered/fragments/desktop/packages/client-node-adapter/src/aspects/sei/modules/device-connector-sync/modules/triggers/index.ts.fragment.js	10578
../../packages/client-node-adapter/src/aspects/sei/modules/device-connector-sync/index.ts	recovered/fragments/desktop/packages/client-node-adapter/src/aspects/sei/modules/device-connector-sync/index.ts.fragment.js	7951
../../packages/client-node-adapter/src/aspects/sei/modules/permissions/index.ts	recovered/fragments/desktop/packages/client-node-adapter/src/aspects/sei/modules/permissions/index.ts.fragment.js	1182
../../packages/client-node-adapter/src/aspects/sei/modules/record/consts.ts	recovered/fragments/desktop/packages/client-node-adapter/src/aspects/sei/modules/record/consts.ts.fragment.js	632
../../packages/client-node-adapter/src/aspects/sei/modules/record/utils.ts	recovered/fragments/desktop/packages/client-node-adapter/src/aspects/sei/modules/record/utils.ts.fragment.js	8236
../../packages/client-node-adapter/src/aspects/sei/modules/record/modules/store/modules/policy/index.ts	recovered/fragments/desktop/packages/client-node-adapter/src/aspects/sei/modules/record/modules/store/modules/policy/index.ts.fragment.js	762
../../packages/client-node-adapter/src/aspects/sei/modules/record/modules/store/modules/security/index.ts	recovered/fragments/desktop/packages/client-node-adapter/src/aspects/sei/modules/record/modules/store/modules/security/index.ts.fragment.js	7348
../../packages/client-node-adapter/src/aspects/sei/modules/record/modules/store/modules/validation-error/index.ts	recovered/fragments/desktop/packages/client-node-adapter/src/aspects/sei/modules/record/modules/store/modules/validation-error/index.ts.fragment.js	221
../../packages/client-node-adapter/src/aspects/sei/modules/record/modules/recovery/utils.ts	recovered/fragments/desktop/packages/client-node-adapter/src/aspects/sei/modules/record/modules/recovery/utils.ts.fragment.js	572
../../packages/client-node-adapter/src/aspects/sei/modules/record/modules/store/utils.ts	recovered/fragments/desktop/packages/client-node-adapter/src/aspects/sei/modules/record/modules/store/utils.ts.fragment.js	17633
../../packages/client-node-adapter/src/aspects/sei/modules/record/modules/store/index.ts	recovered/fragments/desktop/packages/client-node-adapter/src/aspects/sei/modules/record/modules/store/index.ts.fragment.js	47532
../../packages/client-node-adapter/src/aspects/sei/modules/record/modules/audio-export/index.ts	recovered/fragments/desktop/packages/client-node-adapter/src/aspects/sei/modules/record/modules/audio-export/index.ts.fragment.js	4899
../../packages/client-node-adapter/src/aspects/sei/modules/record/modules/backend/modules/error/index.ts	recovered/fragments/desktop/packages/client-node-adapter/src/aspects/sei/modules/record/modules/backend/modules/error/index.ts.fragment.js	593
../../packages/client-node-adapter/src/aspects/sei/modules/record/modules/diagnostics/consts.ts	recovered/fragments/desktop/packages/client-node-adapter/src/aspects/sei/modules/record/modules/diagnostics/consts.ts.fragment.js	1292
../../packages/client-node-adapter/src/aspects/sei/modules/record/modules/diagnostics/utils.ts	recovered/fragments/desktop/packages/client-node-adapter/src/aspects/sei/modules/record/modules/diagnostics/utils.ts.fragment.js	3429
../../packages/client-node-adapter/src/aspects/sei/modules/record/modules/diagnostics/index.ts	recovered/fragments/desktop/packages/client-node-adapter/src/aspects/sei/modules/record/modules/diagnostics/index.ts.fragment.js	3466
../../packages/client-node-adapter/src/aspects/sei/modules/record/modules/backend/utils.ts	recovered/fragments/desktop/packages/client-node-adapter/src/aspects/sei/modules/record/modules/backend/utils.ts.fragment.js	6021
../../packages/client-node-adapter/src/aspects/sei/modules/record/modules/backend/index.ts	recovered/fragments/desktop/packages/client-node-adapter/src/aspects/sei/modules/record/modules/backend/index.ts.fragment.js	18619
../../packages/client-node-adapter/src/aspects/sei/modules/record/modules/live-state/index.ts	recovered/fragments/desktop/packages/client-node-adapter/src/aspects/sei/modules/record/modules/live-state/index.ts.fragment.js	1571
../../packages/client-node-adapter/src/aspects/sei/modules/record/modules/recovery/index.ts	recovered/fragments/desktop/packages/client-node-adapter/src/aspects/sei/modules/record/modules/recovery/index.ts.fragment.js	514
../../packages/client-node-adapter/src/aspects/sei/modules/record/modules/recovery/operation.ts	recovered/fragments/desktop/packages/client-node-adapter/src/aspects/sei/modules/record/modules/recovery/operation.ts.fragment.js	881
../../packages/client-node-adapter/src/aspects/sei/modules/record/modules/scheduled-offers/index.ts	recovered/fragments/desktop/packages/client-node-adapter/src/aspects/sei/modules/record/modules/scheduled-offers/index.ts.fragment.js	1777
../../packages/client-node-adapter/src/aspects/sei/modules/record/modules/start-requests/index.ts	recovered/fragments/desktop/packages/client-node-adapter/src/aspects/sei/modules/record/modules/start-requests/index.ts.fragment.js	16727
../../packages/client-node-adapter/src/aspects/sei/modules/record/index.ts	recovered/fragments/desktop/packages/client-node-adapter/src/aspects/sei/modules/record/index.ts.fragment.js	117009
../../packages/client-node-adapter/src/aspects/sei/index.ts	recovered/fragments/desktop/packages/client-node-adapter/src/aspects/sei/index.ts.fragment.js	2634
../../packages/client-node-adapter/src/aspects/sei/modules/features/modules/base/feature/index.ts	recovered/fragments/desktop/packages/client-node-adapter/src/aspects/sei/modules/features/modules/base/feature/index.ts.fragment.js	1943
../../packages/client-node-adapter/src/aspects/sei/modules/features/modules/store/index.ts	recovered/fragments/desktop/packages/client-node-adapter/src/aspects/sei/modules/features/modules/store/index.ts.fragment.js	3663
../../packages/client-node-adapter/src/aspects/sei/modules/features/modules/recording/index.ts	recovered/fragments/desktop/packages/client-node-adapter/src/aspects/sei/modules/features/modules/recording/index.ts.fragment.js	1598
../../packages/client-node-adapter/src/aspects/sei/modules/features/modules/show-side-panel/index.ts	recovered/fragments/desktop/packages/client-node-adapter/src/aspects/sei/modules/features/modules/show-side-panel/index.ts.fragment.js	1280
../../packages/client-node-adapter/src/aspects/sei/modules/logs/modules/console/index.ts	recovered/fragments/desktop/packages/client-node-adapter/src/aspects/sei/modules/logs/modules/console/index.ts.fragment.js	1018
../../packages/client-node-adapter/src/aspects/sei/modules/logs/modules/posthog/utils.ts	recovered/fragments/desktop/packages/client-node-adapter/src/aspects/sei/modules/logs/modules/posthog/utils.ts.fragment.js	1327
../../packages/client-node-adapter/src/aspects/sei/modules/logs/modules/posthog/index.ts	recovered/fragments/desktop/packages/client-node-adapter/src/aspects/sei/modules/logs/modules/posthog/index.ts.fragment.js	2324
../../packages/client-node-adapter/src/aspects/sei/modules/preferences/modules/meeting-detection/index.ts	recovered/fragments/desktop/packages/client-node-adapter/src/aspects/sei/modules/preferences/modules/meeting-detection/index.ts.fragment.js	1598
../../packages/client-node-adapter/src/aspects/sei/modules/preferences/modules/message-notifications/index.ts	recovered/fragments/desktop/packages/client-node-adapter/src/aspects/sei/modules/preferences/modules/message-notifications/index.ts.fragment.js	1856
../../packages/client-node-adapter/src/aspects/sei/modules/preferences/modules/prevent-sleep/index.ts	recovered/fragments/desktop/packages/client-node-adapter/src/aspects/sei/modules/preferences/modules/prevent-sleep/index.ts.fragment.js	3314
../../packages/client-node-adapter/src/aspects/sei/modules/shortcuts/modules/base/shortcut/index.ts	recovered/fragments/desktop/packages/client-node-adapter/src/aspects/sei/modules/shortcuts/modules/base/shortcut/index.ts.fragment.js	103
../../packages/client-node-adapter/src/aspects/sei/modules/shortcuts/modules/chat-history-search/consts.ts	recovered/fragments/desktop/packages/client-node-adapter/src/aspects/sei/modules/shortcuts/modules/chat-history-search/consts.ts.fragment.js	367
../../packages/client-node-adapter/src/aspects/sei/modules/shortcuts/modules/chat-history-search/index.ts	recovered/fragments/desktop/packages/client-node-adapter/src/aspects/sei/modules/shortcuts/modules/chat-history-search/index.ts.fragment.js	762
../../packages/client-node-adapter/src/aspects/sei/modules/shortcuts/modules/quick-chat/consts.ts	recovered/fragments/desktop/packages/client-node-adapter/src/aspects/sei/modules/shortcuts/modules/quick-chat/consts.ts.fragment.js	408
../../packages/client-node-adapter/src/aspects/sei/modules/shortcuts/modules/quick-chat/index.ts	recovered/fragments/desktop/packages/client-node-adapter/src/aspects/sei/modules/shortcuts/modules/quick-chat/index.ts.fragment.js	695
../../packages/client-node-adapter/src/aspects/sei/modules/update/modules/lifecycle-analytics/index.ts	recovered/fragments/desktop/packages/client-node-adapter/src/aspects/sei/modules/update/modules/lifecycle-analytics/index.ts.fragment.js	7390
../../packages/client-node-adapter/src/aspects/wei/modules/account/index.ts	recovered/fragments/desktop/packages/client-node-adapter/src/aspects/wei/modules/account/index.ts.fragment.js	1728
../../packages/client-node-adapter/src/aspects/wei/modules/debug/modules/console/index.ts	recovered/fragments/desktop/packages/client-node-adapter/src/aspects/wei/modules/debug/modules/console/index.ts.fragment.js	941
../../packages/client-node-adapter/src/aspects/wei/modules/debug/modules/socket/index.ts	recovered/fragments/desktop/packages/client-node-adapter/src/aspects/wei/modules/debug/modules/socket/index.ts.fragment.js	1036
../../packages/client-node-adapter/src/aspects/wei/modules/debug/index.ts	recovered/fragments/desktop/packages/client-node-adapter/src/aspects/wei/modules/debug/index.ts.fragment.js	548
../../packages/client-node-adapter/src/aspects/wei/modules/features/index.ts	recovered/fragments/desktop/packages/client-node-adapter/src/aspects/wei/modules/features/index.ts.fragment.js	945
../../packages/client-node-adapter/src/aspects/wei/modules/logs/index.ts	recovered/fragments/desktop/packages/client-node-adapter/src/aspects/wei/modules/logs/index.ts.fragment.js	653
../../packages/client-node-adapter/src/aspects/wei/utils/viewport-anchor.ts	recovered/fragments/desktop/packages/client-node-adapter/src/aspects/wei/utils/viewport-anchor.ts.fragment.js	1873
../../packages/client-node-adapter/src/aspects/wei/modules/permissions/index.ts	recovered/fragments/desktop/packages/client-node-adapter/src/aspects/wei/modules/permissions/index.ts.fragment.js	1255
../../packages/client-node-adapter/src/aspects/wei/modules/preferences/index.ts	recovered/fragments/desktop/packages/client-node-adapter/src/aspects/wei/modules/preferences/index.ts.fragment.js	717
../../packages/client-node-adapter/src/aspects/wei/modules/record/index.ts	recovered/fragments/desktop/packages/client-node-adapter/src/aspects/wei/modules/record/index.ts.fragment.js	1079
../../packages/client-node-adapter/src/aspects/wei/modules/runtime/utils.ts	recovered/fragments/desktop/packages/client-node-adapter/src/aspects/wei/modules/runtime/utils.ts.fragment.js	358
../../packages/client-node-adapter/src/aspects/wei/modules/runtime/index.ts	recovered/fragments/desktop/packages/client-node-adapter/src/aspects/wei/modules/runtime/index.ts.fragment.js	1000
../../packages/client-node-adapter/src/aspects/wei/modules/shell/modules/web-authentication/consts.ts	recovered/fragments/desktop/packages/client-node-adapter/src/aspects/wei/modules/shell/modules/web-authentication/consts.ts.fragment.js	410
../../packages/client-node-adapter/src/aspects/wei/modules/shell/modules/web-authentication/utils.ts	recovered/fragments/desktop/packages/client-node-adapter/src/aspects/wei/modules/shell/modules/web-authentication/utils.ts.fragment.js	946
../../packages/client-node-adapter/src/aspects/wei/modules/shell/modules/web-authentication/index.ts	recovered/fragments/desktop/packages/client-node-adapter/src/aspects/wei/modules/shell/modules/web-authentication/index.ts.fragment.js	2212
../../packages/client-node-adapter/src/aspects/wei/modules/shell/utils.ts	recovered/fragments/desktop/packages/client-node-adapter/src/aspects/wei/modules/shell/utils.ts.fragment.js	461
../../packages/client-node-adapter/src/aspects/wei/modules/shell/index.ts	recovered/fragments/desktop/packages/client-node-adapter/src/aspects/wei/modules/shell/index.ts.fragment.js	3246
../../packages/client-node-adapter/src/aspects/wei/modules/shortcuts/index.ts	recovered/fragments/desktop/packages/client-node-adapter/src/aspects/wei/modules/shortcuts/index.ts.fragment.js	699
../../packages/client-node-adapter/src/aspects/wei/modules/socket/index.ts	recovered/fragments/desktop/packages/client-node-adapter/src/aspects/wei/modules/socket/index.ts.fragment.js	553
../../packages/client-node-adapter/src/aspects/wei/modules/tools/index.ts	recovered/fragments/desktop/packages/client-node-adapter/src/aspects/wei/modules/tools/index.ts.fragment.js	1598
../../packages/client-node-adapter/src/aspects/wei/modules/update/index.ts	recovered/fragments/desktop/packages/client-node-adapter/src/aspects/wei/modules/update/index.ts.fragment.js	717
../../packages/client-node-adapter/src/aspects/wei/index.ts	recovered/fragments/desktop/packages/client-node-adapter/src/aspects/wei/index.ts.fragment.js	2674
../../packages/client-node-adapter/src/decorators/rpc-call-logger/modules/reporter/index.ts	recovered/fragments/desktop/packages/client-node-adapter/src/decorators/rpc-call-logger/modules/reporter/index.ts.fragment.js	5643
../../packages/client-node-adapter/src/adapter/index.ts	recovered/fragments/desktop/packages/client-node-adapter/src/adapter/index.ts.fragment.js	9338
../../packages/client-node-adapter/src/index.ts	recovered/fragments/desktop/packages/client-node-adapter/src/index.ts.fragment.js	1
./src/consts/account-public-config.mjs	recovered/fragments/desktop/src/consts/account-public-config.mjs.fragment.js	425
./src/consts/cloud-public-config.mjs	recovered/fragments/desktop/src/consts/cloud-public-config.mjs.fragment.js	1436
./src/consts/web-runtime.ts	recovered/fragments/desktop/src/consts/web-runtime.ts.fragment.js	279
./src/consts/account.ts	recovered/fragments/desktop/src/consts/account.ts.fragment.js	3720
./src/consts/device.ts	recovered/fragments/desktop/src/consts/device.ts.fragment.js	235
./src/app/consts.ts	recovered/fragments/desktop/src/app/consts.ts.fragment.js	66
./src/consts/user-data-public-config.mjs	recovered/fragments/desktop/src/consts/user-data-public-config.mjs.fragment.js	759
./src/app/modules/configuration/consts.ts	recovered/fragments/desktop/src/app/modules/configuration/consts.ts.fragment.js	2583
../../packages/vars/src/desktop-identity.ts	recovered/fragments/desktop/packages/vars/src/desktop-identity.ts.fragment.js	1930
./src/app/modules/configuration/profile.ts	recovered/fragments/desktop/src/app/modules/configuration/profile.ts.fragment.js	5840
./src/consts/node-inspection.mjs	recovered/fragments/desktop/src/consts/node-inspection.mjs.fragment.js	568
./src/utils/node-inspection.mjs	recovered/fragments/desktop/src/utils/node-inspection.mjs.fragment.js	6402
./src/app/modules/configuration/utils.ts	recovered/fragments/desktop/src/app/modules/configuration/utils.ts.fragment.js	10862
./src/app/modules/configuration/index.ts	recovered/fragments/desktop/src/app/modules/configuration/index.ts.fragment.js	6088
./src/app/platforms/_base/index.ts	recovered/fragments/desktop/src/app/platforms/_base/index.ts.fragment.js	2500
./src/app/platforms/_base/modules/platform-host-transport/modules/logger/index.ts	recovered/fragments/desktop/src/app/platforms/_base/modules/platform-host-transport/modules/logger/index.ts.fragment.js	163
./src/app/platforms/_base/modules/platform-host-transport/modules/process/index.ts	recovered/fragments/desktop/src/app/platforms/_base/modules/platform-host-transport/modules/process/index.ts.fragment.js	392
./src/app/platforms/_base/modules/platform-host-transport/consts.ts	recovered/fragments/desktop/src/app/platforms/_base/modules/platform-host-transport/consts.ts.fragment.js	287
./src/app/platforms/_base/modules/platform-host-transport/utils.ts	recovered/fragments/desktop/src/app/platforms/_base/modules/platform-host-transport/utils.ts.fragment.js	297
./src/app/platforms/_base/modules/platform-host-transport/modules/reader/index.ts	recovered/fragments/desktop/src/app/platforms/_base/modules/platform-host-transport/modules/reader/index.ts.fragment.js	5039
./src/app/platforms/_base/modules/platform-host-transport/modules/stderr/utils.ts	recovered/fragments/desktop/src/app/platforms/_base/modules/platform-host-transport/modules/stderr/utils.ts.fragment.js	305
./src/app/platforms/_base/modules/platform-host-transport/modules/stderr/index.ts	recovered/fragments/desktop/src/app/platforms/_base/modules/platform-host-transport/modules/stderr/index.ts.fragment.js	2197
./src/app/platforms/_base/modules/platform-host-transport/modules/writer/index.ts	recovered/fragments/desktop/src/app/platforms/_base/modules/platform-host-transport/modules/writer/index.ts.fragment.js	2794
./src/app/platforms/_base/modules/platform-host-transport/index.ts	recovered/fragments/desktop/src/app/platforms/_base/modules/platform-host-transport/index.ts.fragment.js	6295
./src/app/platforms/_base/modules/serial-task/index.ts	recovered/fragments/desktop/src/app/platforms/_base/modules/serial-task/index.ts.fragment.js	497
./src/app/platforms/darwin/consts.ts	recovered/fragments/desktop/src/app/platforms/darwin/consts.ts.fragment.js	117
./src/app/platforms/darwin/utils.ts	recovered/fragments/desktop/src/app/platforms/darwin/utils.ts.fragment.js	1480
./src/app/platforms/darwin/modules/local-data/index.ts	recovered/fragments/desktop/src/app/platforms/darwin/modules/local-data/index.ts.fragment.js	2065
./src/app/platforms/darwin/index.ts	recovered/fragments/desktop/src/app/platforms/darwin/index.ts.fragment.js	2312
./src/app/modules/shell/modules/menu/modules/template/consts.ts	recovered/fragments/desktop/src/app/modules/shell/modules/menu/modules/template/consts.ts.fragment.js	100
./src/app/modules/shell/modules/menu/modules/template/modules/base/group/index.ts	recovered/fragments/desktop/src/app/modules/shell/modules/menu/modules/template/modules/base/group/index.ts.fragment.js	302
./src/app/modules/shell/modules/menu/modules/template/modules/base/item/index.ts	recovered/fragments/desktop/src/app/modules/shell/modules/menu/modules/template/modules/base/item/index.ts.fragment.js	299
./src/app/modules/shell/modules/menu/modules/template/modules/base/index.ts	recovered/fragments/desktop/src/app/modules/shell/modules/menu/modules/template/modules/base/index.ts.fragment.js	1
./src/app/modules/shell/modules/menu/modules/template/modules/context/consts.ts	recovered/fragments/desktop/src/app/modules/shell/modules/menu/modules/template/modules/context/consts.ts.fragment.js	3777
./src/app/modules/shell/modules/menu/modules/template/modules/context/utils.ts	recovered/fragments/desktop/src/app/modules/shell/modules/menu/modules/template/modules/context/utils.ts.fragment.js	1529
./src/app/modules/shell/modules/menu/modules/template/modules/context/index.ts	recovered/fragments/desktop/src/app/modules/shell/modules/menu/modules/template/modules/context/index.ts.fragment.js	578
./src/app/modules/shell/modules/menu/modules/template/modules/application/consts.ts	recovered/fragments/desktop/src/app/modules/shell/modules/menu/modules/template/modules/application/consts.ts.fragment.js	305
./src/app/modules/shell/modules/menu/modules/template/modules/application/index.ts	recovered/fragments/desktop/src/app/modules/shell/modules/menu/modules/template/modules/application/index.ts.fragment.js	709
./src/app/modules/shell/modules/menu/modules/template/modules/application/modules/about/index.ts	recovered/fragments/desktop/src/app/modules/shell/modules/menu/modules/template/modules/application/modules/about/index.ts.fragment.js	447
./src/app/modules/shell/modules/diagnostics/index.ts	recovered/fragments/desktop/src/app/modules/shell/modules/diagnostics/index.ts.fragment.js	1154
./src/app/modules/assets/consts.ts	recovered/fragments/desktop/src/app/modules/assets/consts.ts.fragment.js	64
./src/app/modules/assets/index.ts	recovered/fragments/desktop/src/app/modules/assets/index.ts.fragment.js	9244
./src/app/modules/shell/modules/window-chrome/modules/native-binding/utils.ts	recovered/fragments/desktop/src/app/modules/shell/modules/window-chrome/modules/native-binding/utils.ts.fragment.js	627
./src/app/modules/shell/modules/window-chrome/modules/native-binding/index.ts	recovered/fragments/desktop/src/app/modules/shell/modules/window-chrome/modules/native-binding/index.ts.fragment.js	2061
./src/app/modules/shell/modules/window-chrome/index.ts	recovered/fragments/desktop/src/app/modules/shell/modules/window-chrome/index.ts.fragment.js	1731
./src/app/modules/shell/modules/surfaces/modules/deep-link-navigation/index.ts	recovered/fragments/desktop/src/app/modules/shell/modules/surfaces/modules/deep-link-navigation/index.ts.fragment.js	1131
./src/consts/deep-link.ts	recovered/fragments/desktop/src/consts/deep-link.ts.fragment.js	1047
./src/app/modules/request-language/utils.ts	recovered/fragments/desktop/src/app/modules/request-language/utils.ts.fragment.js	231
./src/app/modules/request-language/index.ts	recovered/fragments/desktop/src/app/modules/request-language/index.ts.fragment.js	1859
./src/app/modules/web-runtime/consts.ts	recovered/fragments/desktop/src/app/modules/web-runtime/consts.ts.fragment.js	1582
./src/app/modules/web-runtime/modules/cookie-bridge/utils.ts	recovered/fragments/desktop/src/app/modules/web-runtime/modules/cookie-bridge/utils.ts.fragment.js	1655
./src/app/modules/web-runtime/modules/cookie-bridge/index.ts	recovered/fragments/desktop/src/app/modules/web-runtime/modules/cookie-bridge/index.ts.fragment.js	6614
./src/app/modules/web-runtime/utils.ts	recovered/fragments/desktop/src/app/modules/web-runtime/utils.ts.fragment.js	3638
./src/app/modules/web-runtime/modules/runtime-diagnostics/consts.ts	recovered/fragments/desktop/src/app/modules/web-runtime/modules/runtime-diagnostics/consts.ts.fragment.js	54
./src/app/modules/web-runtime/modules/runtime-diagnostics/utils.ts	recovered/fragments/desktop/src/app/modules/web-runtime/modules/runtime-diagnostics/utils.ts.fragment.js	6527
./src/app/modules/web-runtime/modules/runtime-diagnostics/index.ts	recovered/fragments/desktop/src/app/modules/web-runtime/modules/runtime-diagnostics/index.ts.fragment.js	9386
./src/app/modules/web-runtime/index.ts	recovered/fragments/desktop/src/app/modules/web-runtime/index.ts.fragment.js	15830
./src/app/modules/shell/modules/web-context/utils.ts	recovered/fragments/desktop/src/app/modules/shell/modules/web-context/utils.ts.fragment.js	495
./src/app/modules/shell/modules/web-context/index.ts	recovered/fragments/desktop/src/app/modules/shell/modules/web-context/index.ts.fragment.js	1938
./src/app/modules/shell/modules/surfaces/modules/main-window/modules/account-state/index.ts	recovered/fragments/desktop/src/app/modules/shell/modules/surfaces/modules/main-window/modules/account-state/index.ts.fragment.js	1750
./src/app/modules/base/readonly-events/index.ts	recovered/fragments/desktop/src/app/modules/base/readonly-events/index.ts.fragment.js	692
./src/app/modules/base/index.ts	recovered/fragments/desktop/src/app/modules/base/index.ts.fragment.js	1
./src/app/modules/application-presence/index.ts	recovered/fragments/desktop/src/app/modules/application-presence/index.ts.fragment.js	2295
./src/app/modules/shell/modules/quit-state/index.ts	recovered/fragments/desktop/src/app/modules/shell/modules/quit-state/index.ts.fragment.js	311
./src/app/modules/shell/modules/surfaces/utils.ts	recovered/fragments/desktop/src/app/modules/shell/modules/surfaces/utils.ts.fragment.js	1460
./src/app/modules/web-access/consts.ts	recovered/fragments/desktop/src/app/modules/web-access/consts.ts.fragment.js	371
./src/app/modules/web-access/utils.ts	recovered/fragments/desktop/src/app/modules/web-access/utils.ts.fragment.js	1114
./src/app/modules/web-access/modules/store/index.ts	recovered/fragments/desktop/src/app/modules/web-access/modules/store/index.ts.fragment.js	5324
./src/app/modules/web-access/index.ts	recovered/fragments/desktop/src/app/modules/web-access/index.ts.fragment.js	6773
./src/app/modules/shell/modules/request-headers/consts.ts	recovered/fragments/desktop/src/app/modules/shell/modules/request-headers/consts.ts.fragment.js	251
./src/app/modules/shell/consts.ts	recovered/fragments/desktop/src/app/modules/shell/consts.ts.fragment.js	52
./src/app/modules/shell/utils.ts	recovered/fragments/desktop/src/app/modules/shell/utils.ts.fragment.js	3744
./src/app/modules/shell/modules/trust/utils.ts	recovered/fragments/desktop/src/app/modules/shell/modules/trust/utils.ts.fragment.js	350
./src/app/modules/shell/modules/trust/index.ts	recovered/fragments/desktop/src/app/modules/shell/modules/trust/index.ts.fragment.js	2694
./src/app/modules/shell/modules/request-headers/utils.ts	recovered/fragments/desktop/src/app/modules/shell/modules/request-headers/utils.ts.fragment.js	870
./src/app/modules/shell/modules/request-headers/modules/account/index.ts	recovered/fragments/desktop/src/app/modules/shell/modules/request-headers/modules/account/index.ts.fragment.js	5790
./src/app/modules/shell/modules/request-headers/index.ts	recovered/fragments/desktop/src/app/modules/shell/modules/request-headers/index.ts.fragment.js	3940
./src/app/modules/shell/modules/external/utils.ts	recovered/fragments/desktop/src/app/modules/shell/modules/external/utils.ts.fragment.js	736
./src/app/modules/shell/modules/external/index.ts	recovered/fragments/desktop/src/app/modules/shell/modules/external/index.ts.fragment.js	1085
./src/app/modules/shell/modules/security/consts.ts	recovered/fragments/desktop/src/app/modules/shell/modules/security/consts.ts.fragment.js	452
./src/app/modules/shell/modules/security/modules/artifact-windows/consts.ts	recovered/fragments/desktop/src/app/modules/shell/modules/security/modules/artifact-windows/consts.ts.fragment.js	447
./src/app/modules/shell/modules/security/modules/artifact-windows/index.ts	recovered/fragments/desktop/src/app/modules/shell/modules/security/modules/artifact-windows/index.ts.fragment.js	1604
./src/app/modules/shell/modules/security/modules/child-window-loading/consts.ts	recovered/fragments/desktop/src/app/modules/shell/modules/security/modules/child-window-loading/consts.ts.fragment.js	1412
./src/app/modules/shell/modules/security/modules/child-window-loading/utils.ts	recovered/fragments/desktop/src/app/modules/shell/modules/security/modules/child-window-loading/utils.ts.fragment.js	2083
./src/app/modules/shell/modules/security/modules/child-window-loading/index.ts	recovered/fragments/desktop/src/app/modules/shell/modules/security/modules/child-window-loading/index.ts.fragment.js	8435
./src/app/modules/shell/modules/security/utils.ts	recovered/fragments/desktop/src/app/modules/shell/modules/security/utils.ts.fragment.js	2949
./src/app/modules/shell/modules/security/index.ts	recovered/fragments/desktop/src/app/modules/shell/modules/security/index.ts.fragment.js	10754
./src/app/modules/shell/modules/user-agent/utils.ts	recovered/fragments/desktop/src/app/modules/shell/modules/user-agent/utils.ts.fragment.js	660
./src/app/modules/shell/modules/user-agent/index.ts	recovered/fragments/desktop/src/app/modules/shell/modules/user-agent/index.ts.fragment.js	625
./src/app/modules/shell/modules/surfaces/modules/web-contents/index.ts	recovered/fragments/desktop/src/app/modules/shell/modules/surfaces/modules/web-contents/index.ts.fragment.js	1328
./src/app/modules/shell/modules/surfaces/modules/window-icon/index.ts	recovered/fragments/desktop/src/app/modules/shell/modules/surfaces/modules/window-icon/index.ts.fragment.js	695
./src/app/modules/shell/modules/surfaces/modules/main-window/modules/host/consts.ts	recovered/fragments/desktop/src/app/modules/shell/modules/surfaces/modules/main-window/modules/host/consts.ts.fragment.js	1384
./src/app/modules/shell/modules/debug-window/consts.ts	recovered/fragments/desktop/src/app/modules/shell/modules/debug-window/consts.ts.fragment.js	193
./src/app/modules/shell/modules/debug-window/index.ts	recovered/fragments/desktop/src/app/modules/shell/modules/debug-window/index.ts.fragment.js	5283
./src/consts/ipc.ts	recovered/fragments/desktop/src/consts/ipc.ts.fragment.js	65
./src/app/modules/shell/modules/error-page/utils.ts	recovered/fragments/desktop/src/app/modules/shell/modules/error-page/utils.ts.fragment.js	383
./src/app/modules/shell/modules/error-page/index.ts	recovered/fragments/desktop/src/app/modules/shell/modules/error-page/index.ts.fragment.js	1377
./src/app/modules/shell/modules/shortcuts/modules/gnome-global/consts.ts	recovered/fragments/desktop/src/app/modules/shell/modules/shortcuts/modules/gnome-global/consts.ts.fragment.js	520
./src/app/modules/shell/modules/shortcuts/modules/gnome-global/modules/lock/index.ts	recovered/fragments/desktop/src/app/modules/shell/modules/shortcuts/modules/gnome-global/modules/lock/index.ts.fragment.js	2739
./src/consts/linux-dev.mjs	recovered/fragments/desktop/src/consts/linux-dev.mjs.fragment.js	152
./src/app/modules/shell/modules/shortcuts/modules/gnome-global/utils.ts	recovered/fragments/desktop/src/app/modules/shell/modules/shortcuts/modules/gnome-global/utils.ts.fragment.js	5524
./src/app/modules/shell/modules/shortcuts/modules/gnome-global/modules/settings/index.ts	recovered/fragments/desktop/src/app/modules/shell/modules/shortcuts/modules/gnome-global/modules/settings/index.ts.fragment.js	3090
./src/app/modules/shell/modules/shortcuts/modules/gnome-global/index.ts	recovered/fragments/desktop/src/app/modules/shell/modules/shortcuts/modules/gnome-global/index.ts.fragment.js	9781
./src/app/modules/shell/modules/shortcuts/modules/modifier-gesture/index.ts	recovered/fragments/desktop/src/app/modules/shell/modules/shortcuts/modules/modifier-gesture/index.ts.fragment.js	3473
./src/app/modules/shell/modules/shortcuts/utils.ts	recovered/fragments/desktop/src/app/modules/shell/modules/shortcuts/utils.ts.fragment.js	2393
./src/app/modules/shell/modules/shortcuts/index.ts	recovered/fragments/desktop/src/app/modules/shell/modules/shortcuts/index.ts.fragment.js	7594
./src/app/modules/shell/modules/surfaces/modules/main-window/modules/host/modules/attachments/index.ts	recovered/fragments/desktop/src/app/modules/shell/modules/surfaces/modules/main-window/modules/host/modules/attachments/index.ts.fragment.js	1100
./src/app/modules/shell/modules/surfaces/modules/main-window/modules/host/modules/chrome/index.ts	recovered/fragments/desktop/src/app/modules/shell/modules/surfaces/modules/main-window/modules/host/modules/chrome/index.ts.fragment.js	558
./src/app/modules/shell/modules/surfaces/modules/main-window/modules/host/utils.ts	recovered/fragments/desktop/src/app/modules/shell/modules/surfaces/modules/main-window/modules/host/utils.ts.fragment.js	2105
./src/app/modules/shell/modules/surfaces/modules/main-window/modules/host/index.ts	recovered/fragments/desktop/src/app/modules/shell/modules/surfaces/modules/main-window/modules/host/index.ts.fragment.js	15661
./src/app/modules/shell/modules/surfaces/modules/main-window/modules/navigation/utils.ts	recovered/fragments/desktop/src/app/modules/shell/modules/surfaces/modules/main-window/modules/navigation/utils.ts.fragment.js	254
./src/app/modules/shell/modules/surfaces/modules/main-window/modules/navigation/index.ts	recovered/fragments/desktop/src/app/modules/shell/modules/surfaces/modules/main-window/modules/navigation/index.ts.fragment.js	3094
./src/app/modules/shell/modules/surfaces/modules/main-window/index.ts	recovered/fragments/desktop/src/app/modules/shell/modules/surfaces/modules/main-window/index.ts.fragment.js	1861
./src/app/modules/shell/modules/surfaces/modules/quick-chat/modules/window/consts.ts	recovered/fragments/desktop/src/app/modules/shell/modules/surfaces/modules/quick-chat/modules/window/consts.ts.fragment.js	368
./src/app/modules/shell/modules/surfaces/modules/quick-chat/modules/window/modules/chrome/index.ts	recovered/fragments/desktop/src/app/modules/shell/modules/surfaces/modules/quick-chat/modules/window/modules/chrome/index.ts.fragment.js	487
./src/app/modules/shell/modules/surfaces/modules/quick-chat/modules/window/utils.ts	recovered/fragments/desktop/src/app/modules/shell/modules/surfaces/modules/quick-chat/modules/window/utils.ts.fragment.js	256
./src/app/modules/shell/modules/surfaces/modules/quick-chat/modules/window/modules/frame-state/consts.ts	recovered/fragments/desktop/src/app/modules/shell/modules/surfaces/modules/quick-chat/modules/window/modules/frame-state/consts.ts.fragment.js	166
./src/app/modules/shell/modules/surfaces/modules/quick-chat/modules/window/modules/frame-state/utils.ts	recovered/fragments/desktop/src/app/modules/shell/modules/surfaces/modules/quick-chat/modules/window/modules/frame-state/utils.ts.fragment.js	2830
./src/app/modules/shell/modules/surfaces/modules/quick-chat/modules/window/modules/frame-state/index.ts	recovered/fragments/desktop/src/app/modules/shell/modules/surfaces/modules/quick-chat/modules/window/modules/frame-state/index.ts.fragment.js	3520
./src/app/modules/shell/modules/surfaces/modules/quick-chat/modules/window/index.ts	recovered/fragments/desktop/src/app/modules/shell/modules/surfaces/modules/quick-chat/modules/window/index.ts.fragment.js	15421
./src/app/modules/shell/modules/surfaces/modules/quick-chat/index.ts	recovered/fragments/desktop/src/app/modules/shell/modules/surfaces/modules/quick-chat/index.ts.fragment.js	6237
./src/app/modules/shell/modules/surfaces/modules/settings-navigation/index.ts	recovered/fragments/desktop/src/app/modules/shell/modules/surfaces/modules/settings-navigation/index.ts.fragment.js	1046
./src/app/modules/shell/modules/surfaces/index.ts	recovered/fragments/desktop/src/app/modules/shell/modules/surfaces/index.ts.fragment.js	4776
./src/app/modules/shell/modules/update/modules/presenter/index.ts	recovered/fragments/desktop/src/app/modules/shell/modules/update/modules/presenter/index.ts.fragment.js	2197
./src/app/modules/shell/modules/update/modules/manual-check/index.ts	recovered/fragments/desktop/src/app/modules/shell/modules/update/modules/manual-check/index.ts.fragment.js	5834
./src/app/modules/shell/modules/menu/modules/template/modules/application/modules/check-for-updates/index.ts	recovered/fragments/desktop/src/app/modules/shell/modules/menu/modules/template/modules/application/modules/check-for-updates/index.ts.fragment.js	1131
./src/app/modules/shell/modules/menu/modules/template/modules/application/modules/hide-others/index.ts	recovered/fragments/desktop/src/app/modules/shell/modules/menu/modules/template/modules/application/modules/hide-others/index.ts.fragment.js	523
./src/app/modules/shell/modules/menu/modules/template/modules/application/modules/hide/index.ts	recovered/fragments/desktop/src/app/modules/shell/modules/menu/modules/template/modules/application/modules/hide/index.ts.fragment.js	492
./src/app/modules/shell/modules/menu/modules/template/modules/application/modules/quit/index.ts	recovered/fragments/desktop/src/app/modules/shell/modules/menu/modules/template/modules/application/modules/quit/index.ts.fragment.js	435
./src/app/modules/shell/modules/menu/modules/template/modules/application/modules/services/index.ts	recovered/fragments/desktop/src/app/modules/shell/modules/menu/modules/template/modules/application/modules/services/index.ts.fragment.js	510
./src/app/modules/shell/modules/menu/modules/template/modules/application/modules/settings/index.ts	recovered/fragments/desktop/src/app/modules/shell/modules/menu/modules/template/modules/application/modules/settings/index.ts.fragment.js	1163
./src/app/modules/shell/modules/menu/modules/template/modules/application/modules/unhide/index.ts	recovered/fragments/desktop/src/app/modules/shell/modules/menu/modules/template/modules/application/modules/unhide/index.ts.fragment.js	502
./src/app/modules/shell/modules/menu/modules/template/modules/edit/index.ts	recovered/fragments/desktop/src/app/modules/shell/modules/menu/modules/template/modules/edit/index.ts.fragment.js	827
./src/app/modules/shell/modules/menu/modules/template/modules/edit/modules/copy/index.ts	recovered/fragments/desktop/src/app/modules/shell/modules/menu/modules/template/modules/edit/modules/copy/index.ts.fragment.js	500
./src/app/modules/shell/modules/menu/modules/template/modules/edit/modules/cut/index.ts	recovered/fragments/desktop/src/app/modules/shell/modules/menu/modules/template/modules/edit/modules/cut/index.ts.fragment.js	495
./src/app/modules/shell/modules/menu/modules/template/modules/edit/modules/paste/index.ts	recovered/fragments/desktop/src/app/modules/shell/modules/menu/modules/template/modules/edit/modules/paste/index.ts.fragment.js	505
./src/app/modules/shell/modules/menu/modules/template/modules/edit/modules/redo/index.ts	recovered/fragments/desktop/src/app/modules/shell/modules/menu/modules/template/modules/edit/modules/redo/index.ts.fragment.js	498
./src/app/modules/shell/modules/menu/modules/template/modules/edit/modules/select-all/index.ts	recovered/fragments/desktop/src/app/modules/shell/modules/menu/modules/template/modules/edit/modules/select-all/index.ts.fragment.js	526
./src/app/modules/shell/modules/menu/modules/template/modules/edit/modules/undo/index.ts	recovered/fragments/desktop/src/app/modules/shell/modules/menu/modules/template/modules/edit/modules/undo/index.ts.fragment.js	498
./src/app/modules/shell/modules/menu/modules/template/modules/file/index.ts	recovered/fragments/desktop/src/app/modules/shell/modules/menu/modules/template/modules/file/index.ts.fragment.js	827
./src/app/modules/shell/modules/menu/modules/template/modules/file/modules/close/index.ts	recovered/fragments/desktop/src/app/modules/shell/modules/menu/modules/template/modules/file/modules/close/index.ts.fragment.js	501
./src/app/modules/shell/modules/menu/modules/template/modules/file/modules/new-window/index.ts	recovered/fragments/desktop/src/app/modules/shell/modules/menu/modules/template/modules/file/modules/new-window/index.ts.fragment.js	1104
./src/app/modules/shell/modules/menu/modules/template/modules/view/index.ts	recovered/fragments/desktop/src/app/modules/shell/modules/menu/modules/template/modules/view/index.ts.fragment.js	556
./src/app/modules/shell/modules/menu/modules/template/modules/view/modules/force-reload/index.ts	recovered/fragments/desktop/src/app/modules/shell/modules/menu/modules/template/modules/view/modules/force-reload/index.ts.fragment.js	553
./src/app/modules/shell/modules/menu/modules/template/modules/view/modules/reload/index.ts	recovered/fragments/desktop/src/app/modules/shell/modules/menu/modules/template/modules/view/modules/reload/index.ts.fragment.js	527
./src/app/modules/shell/modules/menu/modules/template/modules/view/modules/reset-zoom/index.ts	recovered/fragments/desktop/src/app/modules/shell/modules/menu/modules/template/modules/view/modules/reset-zoom/index.ts.fragment.js	541
./src/app/modules/shell/modules/menu/modules/template/modules/view/modules/toggle-fullscreen/index.ts	recovered/fragments/desktop/src/app/modules/shell/modules/menu/modules/template/modules/view/modules/toggle-fullscreen/index.ts.fragment.js	582
./src/app/modules/shell/modules/menu/modules/template/modules/view/modules/zoom-in/index.ts	recovered/fragments/desktop/src/app/modules/shell/modules/menu/modules/template/modules/view/modules/zoom-in/index.ts.fragment.js	526
./src/app/modules/shell/modules/menu/modules/template/modules/view/modules/zoom-out/index.ts	recovered/fragments/desktop/src/app/modules/shell/modules/menu/modules/template/modules/view/modules/zoom-out/index.ts.fragment.js	531
./src/app/modules/shell/modules/menu/modules/template/modules/window/index.ts	recovered/fragments/desktop/src/app/modules/shell/modules/menu/modules/template/modules/window/index.ts.fragment.js	1247
./src/app/modules/shell/modules/menu/modules/template/modules/window/modules/exit-fullscreen/index.ts	recovered/fragments/desktop/src/app/modules/shell/modules/menu/modules/template/modules/window/modules/exit-fullscreen/index.ts.fragment.js	1027
./src/app/binds.ts	recovered/fragments/desktop/src/app/binds.ts.fragment.js	1826
./src/app/modules/adjust/consts.ts	recovered/fragments/desktop/src/app/modules/adjust/consts.ts.fragment.js	290
./src/app/modules/adjust/utils.ts	recovered/fragments/desktop/src/app/modules/adjust/utils.ts.fragment.js	2722
./src/app/modules/adjust/modules/state-file/index.ts	recovered/fragments/desktop/src/app/modules/adjust/modules/state-file/index.ts.fragment.js	3213
./src/app/modules/adjust/modules/installation/consts.ts	recovered/fragments/desktop/src/app/modules/adjust/modules/installation/consts.ts.fragment.js	394
./src/app/modules/adjust/modules/installation/utils.ts	recovered/fragments/desktop/src/app/modules/adjust/modules/installation/utils.ts.fragment.js	2955
./src/app/modules/adjust/modules/installation/modules/store/index.ts	recovered/fragments/desktop/src/app/modules/adjust/modules/installation/modules/store/index.ts.fragment.js	1620
./src/app/modules/adjust/modules/installation/modules/transport/utils.ts	recovered/fragments/desktop/src/app/modules/adjust/modules/installation/modules/transport/utils.ts.fragment.js	364
./src/app/modules/adjust/modules/installation/modules/transport/index.ts	recovered/fragments/desktop/src/app/modules/adjust/modules/installation/modules/transport/index.ts.fragment.js	3703
./src/app/modules/adjust/modules/installation/index.ts	recovered/fragments/desktop/src/app/modules/adjust/modules/installation/index.ts.fragment.js	4309
./src/app/modules/adjust/modules/registration/consts.ts	recovered/fragments/desktop/src/app/modules/adjust/modules/registration/consts.ts.fragment.js	267
./src/app/modules/adjust/modules/registration/utils.ts	recovered/fragments/desktop/src/app/modules/adjust/modules/registration/utils.ts.fragment.js	2935
./src/app/modules/adjust/modules/registration/modules/store/index.ts	recovered/fragments/desktop/src/app/modules/adjust/modules/registration/modules/store/index.ts.fragment.js	1300
./src/app/modules/adjust/modules/registration/modules/transport/index.ts	recovered/fragments/desktop/src/app/modules/adjust/modules/registration/modules/transport/index.ts.fragment.js	3346
./src/app/modules/adjust/modules/registration/index.ts	recovered/fragments/desktop/src/app/modules/adjust/modules/registration/index.ts.fragment.js	7848
./src/app/modules/adjust/index.ts	recovered/fragments/desktop/src/app/modules/adjust/index.ts.fragment.js	2724
./src/app/modules/data-reset/modules/staged-update/utils.ts	recovered/fragments/desktop/src/app/modules/data-reset/modules/staged-update/utils.ts.fragment.js	352
./src/app/modules/data-reset/modules/staged-update/index.ts	recovered/fragments/desktop/src/app/modules/data-reset/modules/staged-update/index.ts.fragment.js	3841
./src/app/modules/data-reset/modules/state/consts.ts	recovered/fragments/desktop/src/app/modules/data-reset/modules/state/consts.ts.fragment.js	126
./src/app/modules/data-reset/modules/state/index.ts	recovered/fragments/desktop/src/app/modules/data-reset/modules/state/index.ts.fragment.js	1843
./src/app/modules/data-reset/modules/startup/modules/files/consts.ts	recovered/fragments/desktop/src/app/modules/data-reset/modules/startup/modules/files/consts.ts.fragment.js	313
./src/app/modules/data-reset/modules/startup/modules/files/modules/update-cache/index.ts	recovered/fragments/desktop/src/app/modules/data-reset/modules/startup/modules/files/modules/update-cache/index.ts.fragment.js	2043
./src/app/modules/data-reset/modules/startup/modules/files/utils.ts	recovered/fragments/desktop/src/app/modules/data-reset/modules/startup/modules/files/utils.ts.fragment.js	293
./src/app/modules/data-reset/modules/startup/modules/files/index.ts	recovered/fragments/desktop/src/app/modules/data-reset/modules/startup/modules/files/index.ts.fragment.js	4015
./src/app/modules/data-reset/modules/startup/index.ts	recovered/fragments/desktop/src/app/modules/data-reset/modules/startup/index.ts.fragment.js	1333
./src/app/modules/features/modules/state/index.ts	recovered/fragments/desktop/src/app/modules/features/modules/state/index.ts.fragment.js	2764
./src/app/modules/features/index.ts	recovered/fragments/desktop/src/app/modules/features/index.ts.fragment.js	598
./src/app/modules/linux-desktop-integration/utils.ts	recovered/fragments/desktop/src/app/modules/linux-desktop-integration/utils.ts.fragment.js	1821
./src/app/modules/linux-desktop-integration/index.ts	recovered/fragments/desktop/src/app/modules/linux-desktop-integration/index.ts.fragment.js	4311
./src/app/modules/application-restart/index.ts	recovered/fragments/desktop/src/app/modules/application-restart/index.ts.fragment.js	1526
./src/app/modules/node-network-inspection/modules/compatibility/utils.ts	recovered/fragments/desktop/src/app/modules/node-network-inspection/modules/compatibility/utils.ts.fragment.js	2616
./src/app/modules/node-network-inspection/modules/compatibility/index.ts	recovered/fragments/desktop/src/app/modules/node-network-inspection/modules/compatibility/index.ts.fragment.js	1916
./src/app/modules/node-network-inspection/modules/state/consts.ts	recovered/fragments/desktop/src/app/modules/node-network-inspection/modules/state/consts.ts.fragment.js	136
./src/app/modules/node-network-inspection/modules/state/utils.ts	recovered/fragments/desktop/src/app/modules/node-network-inspection/modules/state/utils.ts.fragment.js	653
./src/app/modules/node-network-inspection/modules/state/index.ts	recovered/fragments/desktop/src/app/modules/node-network-inspection/modules/state/index.ts.fragment.js	5236
./src/app/modules/node-network-inspection/index.ts	recovered/fragments/desktop/src/app/modules/node-network-inspection/index.ts.fragment.js	3067
./src/app/modules/preflight/index.ts	recovered/fragments/desktop/src/app/modules/preflight/index.ts.fragment.js	885
./src/app/modules/remote-debugging/modules/active-port/consts.ts	recovered/fragments/desktop/src/app/modules/remote-debugging/modules/active-port/consts.ts.fragment.js	176
./src/app/modules/remote-debugging/modules/active-port/utils.ts	recovered/fragments/desktop/src/app/modules/remote-debugging/modules/active-port/utils.ts.fragment.js	311
./src/app/modules/remote-debugging/modules/active-port/index.ts	recovered/fragments/desktop/src/app/modules/remote-debugging/modules/active-port/index.ts.fragment.js	2072
./src/app/modules/remote-debugging/modules/bridge/consts.ts	recovered/fragments/desktop/src/app/modules/remote-debugging/modules/bridge/consts.ts.fragment.js	91
./src/app/modules/remote-debugging/modules/bridge/index.ts	recovered/fragments/desktop/src/app/modules/remote-debugging/modules/bridge/index.ts.fragment.js	3221
./src/app/modules/remote-debugging/index.ts	recovered/fragments/desktop/src/app/modules/remote-debugging/index.ts.fragment.js	2692
./src/app/modules/notification-agent/consts.ts	recovered/fragments/desktop/src/app/modules/notification-agent/consts.ts.fragment.js	598
./src/app/modules/notification-agent/modules/process/index.ts	recovered/fragments/desktop/src/app/modules/notification-agent/modules/process/index.ts.fragment.js	1269
./src/app/modules/notification-agent/utils.ts	recovered/fragments/desktop/src/app/modules/notification-agent/utils.ts.fragment.js	1490
./src/app/modules/notification-agent/index.ts	recovered/fragments/desktop/src/app/modules/notification-agent/index.ts.fragment.js	1976
./src/app/modules/shell-adapter/index.ts	recovered/fragments/desktop/src/app/modules/shell-adapter/index.ts.fragment.js	2155
./src/app/modules/shell/modules/account-windows/consts.ts	recovered/fragments/desktop/src/app/modules/shell/modules/account-windows/consts.ts.fragment.js	124
./src/app/modules/shell/modules/account-windows/index.ts	recovered/fragments/desktop/src/app/modules/shell/modules/account-windows/index.ts.fragment.js	3270
./src/modules/deep-link-debug-api.ts	recovered/fragments/desktop/src/modules/deep-link-debug-api.ts.fragment.js	150
./src/app/modules/shell/modules/debug-panel/modules/deep-link-debug/modules/window/consts.ts	recovered/fragments/desktop/src/app/modules/shell/modules/debug-panel/modules/deep-link-debug/modules/window/consts.ts.fragment.js	254
./src/app/modules/shell/modules/debug-panel/modules/deep-link-debug/modules/window/index.ts	recovered/fragments/desktop/src/app/modules/shell/modules/debug-panel/modules/deep-link-debug/modules/window/index.ts.fragment.js	2581
./src/app/modules/shell/modules/debug-panel/modules/deep-link-debug/modules/ipc/utils.ts	recovered/fragments/desktop/src/app/modules/shell/modules/debug-panel/modules/deep-link-debug/modules/ipc/utils.ts.fragment.js	613
./src/app/modules/shell/modules/debug-panel/modules/deep-link-debug/modules/ipc/index.ts	recovered/fragments/desktop/src/app/modules/shell/modules/debug-panel/modules/deep-link-debug/modules/ipc/index.ts.fragment.js	1533
./src/app/modules/shell/modules/debug-panel/modules/deep-link-debug/index.ts	recovered/fragments/desktop/src/app/modules/shell/modules/debug-panel/modules/deep-link-debug/index.ts.fragment.js	864
./src/modules/debug-api.ts	recovered/fragments/desktop/src/modules/debug-api.ts.fragment.js	1815
./src/app/modules/data-reset/index.ts	recovered/fragments/desktop/src/app/modules/data-reset/index.ts.fragment.js	2053
./src/modules/log-upload-api.ts	recovered/fragments/desktop/src/modules/log-upload-api.ts.fragment.js	459
./src/app/modules/shell/modules/log-upload/modules/window/index.ts	recovered/fragments/desktop/src/app/modules/shell/modules/log-upload/modules/window/index.ts.fragment.js	4494
./src/app/modules/shell/modules/log-upload/modules/observer/index.ts	recovered/fragments/desktop/src/app/modules/shell/modules/log-upload/modules/observer/index.ts.fragment.js	2570
./src/app/modules/shell/modules/log-upload/modules/ipc/index.ts	recovered/fragments/desktop/src/app/modules/shell/modules/log-upload/modules/ipc/index.ts.fragment.js	2844
./src/app/modules/shell/modules/log-upload/index.ts	recovered/fragments/desktop/src/app/modules/shell/modules/log-upload/index.ts.fragment.js	1050
./src/modules/logs-debug-api.ts	recovered/fragments/desktop/src/modules/logs-debug-api.ts.fragment.js	493
./src/app/modules/shell/modules/debug-panel/modules/logs-debug/modules/window/consts.ts	recovered/fragments/desktop/src/app/modules/shell/modules/debug-panel/modules/logs-debug/modules/window/consts.ts.fragment.js	224
./src/app/modules/shell/modules/debug-panel/modules/logs-debug/modules/window/index.ts	recovered/fragments/desktop/src/app/modules/shell/modules/debug-panel/modules/logs-debug/modules/window/index.ts.fragment.js	3374
./src/app/modules/shell/modules/debug-panel/modules/logs-debug/modules/observer/index.ts	recovered/fragments/desktop/src/app/modules/shell/modules/debug-panel/modules/logs-debug/modules/observer/index.ts.fragment.js	2739
./src/app/modules/shell/modules/debug-panel/modules/logs-debug/modules/ipc/index.ts	recovered/fragments/desktop/src/app/modules/shell/modules/debug-panel/modules/logs-debug/modules/ipc/index.ts.fragment.js	3815
./src/app/modules/shell/modules/debug-panel/modules/logs-debug/index.ts	recovered/fragments/desktop/src/app/modules/shell/modules/debug-panel/modules/logs-debug/index.ts.fragment.js	1436
./src/app/modules/shell/modules/debug-panel/modules/node-devtools/modules/window/consts.ts	recovered/fragments/desktop/src/app/modules/shell/modules/debug-panel/modules/node-devtools/modules/window/consts.ts.fragment.js	320
./src/app/modules/shell/modules/debug-panel/modules/node-devtools/modules/window/modules/inspector/consts.ts	recovered/fragments/desktop/src/app/modules/shell/modules/debug-panel/modules/node-devtools/modules/window/modules/inspector/consts.ts.fragment.js	41
./src/app/modules/shell/modules/debug-panel/modules/node-devtools/modules/window/modules/inspector/index.ts	recovered/fragments/desktop/src/app/modules/shell/modules/debug-panel/modules/node-devtools/modules/window/modules/inspector/index.ts.fragment.js	870
./src/app/modules/shell/modules/debug-panel/modules/node-devtools/modules/window/utils.ts	recovered/fragments/desktop/src/app/modules/shell/modules/debug-panel/modules/node-devtools/modules/window/utils.ts.fragment.js	902
./src/app/modules/shell/modules/debug-panel/modules/node-devtools/modules/window/index.ts	recovered/fragments/desktop/src/app/modules/shell/modules/debug-panel/modules/node-devtools/modules/window/index.ts.fragment.js	4077
./src/app/modules/shell/modules/debug-panel/modules/node-devtools/index.ts	recovered/fragments/desktop/src/app/modules/shell/modules/debug-panel/modules/node-devtools/index.ts.fragment.js	427
./src/modules/record-debug-api/consts.ts	recovered/fragments/desktop/src/modules/record-debug-api/consts.ts.fragment.js	148
./src/modules/meeting-reminder-api/index.ts	recovered/fragments/desktop/src/modules/meeting-reminder-api/index.ts.fragment.js	145
./src/app/modules/shell/modules/meeting-reminder/modules/window/consts.ts	recovered/fragments/desktop/src/app/modules/shell/modules/meeting-reminder/modules/window/consts.ts.fragment.js	1440
./src/app/modules/shell/modules/meeting-reminder/modules/window/index.ts	recovered/fragments/desktop/src/app/modules/shell/modules/meeting-reminder/modules/window/index.ts.fragment.js	11635
./src/app/modules/shell/modules/meeting-reminder/index.ts	recovered/fragments/desktop/src/app/modules/shell/modules/meeting-reminder/index.ts.fragment.js	17537
./src/app/modules/shell/modules/debug-panel/modules/record-debug/modules/window/consts.ts	recovered/fragments/desktop/src/app/modules/shell/modules/debug-panel/modules/record-debug/modules/window/consts.ts.fragment.js	235
./src/app/modules/shell/modules/debug-panel/modules/record-debug/modules/window/index.ts	recovered/fragments/desktop/src/app/modules/shell/modules/debug-panel/modules/record-debug/modules/window/index.ts.fragment.js	2673
./src/app/modules/shell/modules/debug-panel/modules/record-debug/modules/ipc/utils.ts	recovered/fragments/desktop/src/app/modules/shell/modules/debug-panel/modules/record-debug/modules/ipc/utils.ts.fragment.js	1745
./src/app/modules/shell/modules/debug-panel/modules/record-debug/modules/ipc/index.ts	recovered/fragments/desktop/src/app/modules/shell/modules/debug-panel/modules/record-debug/modules/ipc/index.ts.fragment.js	1564
./src/app/modules/shell/modules/debug-panel/modules/record-debug/index.ts	recovered/fragments/desktop/src/app/modules/shell/modules/debug-panel/modules/record-debug/index.ts.fragment.js	842
./src/modules/rpc-debug-api.ts	recovered/fragments/desktop/src/modules/rpc-debug-api.ts.fragment.js	258
./src/app/modules/shell/modules/debug-panel/modules/rpc-debug/modules/window/consts.ts	recovered/fragments/desktop/src/app/modules/shell/modules/debug-panel/modules/rpc-debug/modules/window/consts.ts.fragment.js	217
./src/app/modules/shell/modules/debug-panel/modules/rpc-debug/modules/window/index.ts	recovered/fragments/desktop/src/app/modules/shell/modules/debug-panel/modules/rpc-debug/modules/window/index.ts.fragment.js	3250
./src/app/modules/shell/modules/debug-panel/modules/rpc-debug/modules/ipc/index.ts	recovered/fragments/desktop/src/app/modules/shell/modules/debug-panel/modules/rpc-debug/modules/ipc/index.ts.fragment.js	1421
./src/app/modules/shell/modules/debug-panel/modules/rpc-debug/index.ts	recovered/fragments/desktop/src/app/modules/shell/modules/debug-panel/modules/rpc-debug/index.ts.fragment.js	1077
./src/modules/socket-debug-api.ts	recovered/fragments/desktop/src/modules/socket-debug-api.ts.fragment.js	393
./src/app/modules/shell/modules/debug-panel/modules/socket-debug/modules/window/consts.ts	recovered/fragments/desktop/src/app/modules/shell/modules/debug-panel/modules/socket-debug/modules/window/consts.ts.fragment.js	235
./src/app/modules/shell/modules/debug-panel/modules/socket-debug/modules/window/index.ts	recovered/fragments/desktop/src/app/modules/shell/modules/debug-panel/modules/socket-debug/modules/window/index.ts.fragment.js	4325
./src/app/modules/shell/modules/debug-panel/modules/socket-debug/modules/ipc/index.ts	recovered/fragments/desktop/src/app/modules/shell/modules/debug-panel/modules/socket-debug/modules/ipc/index.ts.fragment.js	1917
./src/app/modules/shell/modules/debug-panel/modules/socket-debug/index.ts	recovered/fragments/desktop/src/app/modules/shell/modules/debug-panel/modules/socket-debug/index.ts.fragment.js	1120
./src/modules/tool-permissions-api.ts	recovered/fragments/desktop/src/modules/tool-permissions-api.ts.fragment.js	462
./src/app/modules/shell/modules/debug-panel/modules/tool-permissions/modules/window/consts.ts	recovered/fragments/desktop/src/app/modules/shell/modules/debug-panel/modules/tool-permissions/modules/window/consts.ts.fragment.js	260
./src/app/modules/shell/modules/debug-panel/modules/tool-permissions/modules/window/index.ts	recovered/fragments/desktop/src/app/modules/shell/modules/debug-panel/modules/tool-permissions/modules/window/index.ts.fragment.js	3268
./src/app/modules/shell/modules/debug-panel/modules/tool-permissions/modules/ipc/utils.ts	recovered/fragments/desktop/src/app/modules/shell/modules/debug-panel/modules/tool-permissions/modules/ipc/utils.ts.fragment.js	1819
./src/app/modules/shell/modules/debug-panel/modules/tool-permissions/modules/ipc/index.ts	recovered/fragments/desktop/src/app/modules/shell/modules/debug-panel/modules/tool-permissions/modules/ipc/index.ts.fragment.js	2712
./src/app/modules/shell/modules/debug-panel/modules/tool-permissions/index.ts	recovered/fragments/desktop/src/app/modules/shell/modules/debug-panel/modules/tool-permissions/index.ts.fragment.js	684
./src/modules/tools-debug-api.ts	recovered/fragments/desktop/src/modules/tools-debug-api.ts.fragment.js	369
./src/app/modules/shell/modules/debug-panel/modules/tools-debug/modules/window/consts.ts	recovered/fragments/desktop/src/app/modules/shell/modules/debug-panel/modules/tools-debug/modules/window/consts.ts.fragment.js	229
./src/app/modules/shell/modules/debug-panel/modules/tools-debug/modules/window/index.ts	recovered/fragments/desktop/src/app/modules/shell/modules/debug-panel/modules/tools-debug/modules/window/index.ts.fragment.js	3278
./src/app/modules/shell/modules/debug-panel/modules/tools-debug/modules/ipc/index.ts	recovered/fragments/desktop/src/app/modules/shell/modules/debug-panel/modules/tools-debug/modules/ipc/index.ts.fragment.js	1935
./src/app/modules/shell/modules/debug-panel/modules/tools-debug/index.ts	recovered/fragments/desktop/src/app/modules/shell/modules/debug-panel/modules/tools-debug/index.ts.fragment.js	1103
./src/app/modules/shell/modules/debug-panel/modules/ipc/utils.ts	recovered/fragments/desktop/src/app/modules/shell/modules/debug-panel/modules/ipc/utils.ts.fragment.js	1965
./src/app/modules/shell/modules/debug-panel/modules/ipc/index.ts	recovered/fragments/desktop/src/app/modules/shell/modules/debug-panel/modules/ipc/index.ts.fragment.js	11267
./src/app/modules/shell/modules/debug-panel/modules/shortcut/consts.ts	recovered/fragments/desktop/src/app/modules/shell/modules/debug-panel/modules/shortcut/consts.ts.fragment.js	177
./src/app/modules/shell/modules/debug-panel/modules/shortcut/utils.ts	recovered/fragments/desktop/src/app/modules/shell/modules/debug-panel/modules/shortcut/utils.ts.fragment.js	547
./src/app/modules/shell/modules/debug-panel/modules/shortcut/index.ts	recovered/fragments/desktop/src/app/modules/shell/modules/debug-panel/modules/shortcut/index.ts.fragment.js	3748
./src/app/modules/shell/modules/debug-panel/index.ts	recovered/fragments/desktop/src/app/modules/shell/modules/debug-panel/index.ts.fragment.js	2609
./src/app/modules/shell/modules/tray/modules/state/modules/account/index.ts	recovered/fragments/desktop/src/app/modules/shell/modules/tray/modules/state/modules/account/index.ts.fragment.js	1600
./src/app/modules/shell/modules/tray/modules/state/modules/connectivity/index.ts	recovered/fragments/desktop/src/app/modules/shell/modules/tray/modules/state/modules/connectivity/index.ts.fragment.js	2890
./src/app/modules/shell/modules/tray/modules/state/index.ts	recovered/fragments/desktop/src/app/modules/shell/modules/tray/modules/state/index.ts.fragment.js	1170
./src/app/modules/shell/modules/tray/modules/actions/index.ts	recovered/fragments/desktop/src/app/modules/shell/modules/tray/modules/actions/index.ts.fragment.js	2700
./src/app/modules/shell/modules/tray/modules/host/modules/icon/utils.ts	recovered/fragments/desktop/src/app/modules/shell/modules/tray/modules/host/modules/icon/utils.ts.fragment.js	1108
./src/app/modules/shell/modules/tray/modules/host/modules/icon/index.ts	recovered/fragments/desktop/src/app/modules/shell/modules/tray/modules/host/modules/icon/index.ts.fragment.js	1631
./src/app/modules/shell/modules/tray/modules/host/modules/menu/consts.ts	recovered/fragments/desktop/src/app/modules/shell/modules/tray/modules/host/modules/menu/consts.ts.fragment.js	3560
./src/app/modules/shell/modules/tray/modules/host/modules/menu/utils.ts	recovered/fragments/desktop/src/app/modules/shell/modules/tray/modules/host/modules/menu/utils.ts.fragment.js	378
./src/app/modules/shell/modules/tray/modules/host/modules/menu/modules/selection/modules/environment/index.ts	recovered/fragments/desktop/src/app/modules/shell/modules/tray/modules/host/modules/menu/modules/selection/modules/environment/index.ts.fragment.js	2090
./src/app/modules/shell/modules/tray/modules/host/modules/menu/modules/selection/index.ts	recovered/fragments/desktop/src/app/modules/shell/modules/tray/modules/host/modules/menu/modules/selection/index.ts.fragment.js	2233
./src/app/modules/shell/modules/tray/modules/host/modules/menu/modules/shortcut/index.ts	recovered/fragments/desktop/src/app/modules/shell/modules/tray/modules/host/modules/menu/modules/shortcut/index.ts.fragment.js	2655
./src/app/modules/shell/modules/tray/modules/host/modules/menu/modules/template/consts.ts	recovered/fragments/desktop/src/app/modules/shell/modules/tray/modules/host/modules/menu/modules/template/consts.ts.fragment.js	974
./src/app/modules/shell/modules/tray/modules/host/modules/menu/modules/template/utils.ts	recovered/fragments/desktop/src/app/modules/shell/modules/tray/modules/host/modules/menu/modules/template/utils.ts.fragment.js	2207
./src/app/modules/shell/modules/tray/modules/host/modules/menu/modules/template/index.ts	recovered/fragments/desktop/src/app/modules/shell/modules/tray/modules/host/modules/menu/modules/template/index.ts.fragment.js	6895
./src/app/modules/shell/modules/tray/modules/host/modules/menu/modules/windows/index.ts	recovered/fragments/desktop/src/app/modules/shell/modules/tray/modules/host/modules/menu/modules/windows/index.ts.fragment.js	1568
./src/app/modules/shell/modules/tray/modules/host/modules/menu/index.ts	recovered/fragments/desktop/src/app/modules/shell/modules/tray/modules/host/modules/menu/index.ts.fragment.js	4485
./src/app/modules/shell/modules/tray/modules/host/index.ts	recovered/fragments/desktop/src/app/modules/shell/modules/tray/modules/host/index.ts.fragment.js	2862
./src/app/modules/shell/modules/tray/index.ts	recovered/fragments/desktop/src/app/modules/shell/modules/tray/index.ts.fragment.js	711
./src/app/modules/shell/modules/lifecycle/modules/update/index.ts	recovered/fragments/desktop/src/app/modules/shell/modules/lifecycle/modules/update/index.ts.fragment.js	1290
./src/app/modules/shell/modules/lifecycle/index.ts	recovered/fragments/desktop/src/app/modules/shell/modules/lifecycle/index.ts.fragment.js	2126
./src/app/modules/shell/modules/menu/modules/template/utils.ts	recovered/fragments/desktop/src/app/modules/shell/modules/menu/modules/template/utils.ts.fragment.js	3134
./src/app/modules/shell/modules/menu/modules/template/index.ts	recovered/fragments/desktop/src/app/modules/shell/modules/menu/modules/template/index.ts.fragment.js	2635
./src/app/modules/shell/modules/menu/index.ts	recovered/fragments/desktop/src/app/modules/shell/modules/menu/index.ts.fragment.js	588
./src/app/modules/shell/modules/readiness/index.ts	recovered/fragments/desktop/src/app/modules/shell/modules/readiness/index.ts.fragment.js	1305
./src/modules/recording-capsule-api.ts	recovered/fragments/desktop/src/modules/recording-capsule-api.ts.fragment.js	1160
./src/modules/recording-capsule-presentation.ts	recovered/fragments/desktop/src/modules/recording-capsule-presentation.ts.fragment.js	655
./src/app/modules/shell/modules/recording-capsule/modules/window/consts.ts	recovered/fragments/desktop/src/app/modules/shell/modules/recording-capsule/modules/window/consts.ts.fragment.js	935
./src/app/modules/shell/modules/recording-capsule/modules/window/modules/frame-state/consts.ts	recovered/fragments/desktop/src/app/modules/shell/modules/recording-capsule/modules/window/modules/frame-state/consts.ts.fragment.js	87
./src/app/modules/shell/modules/recording-capsule/modules/window/modules/frame-state/utils.ts	recovered/fragments/desktop/src/app/modules/shell/modules/recording-capsule/modules/window/modules/frame-state/utils.ts.fragment.js	778
./src/app/modules/shell/modules/recording-capsule/modules/window/modules/frame-state/index.ts	recovered/fragments/desktop/src/app/modules/shell/modules/recording-capsule/modules/window/modules/frame-state/index.ts.fragment.js	3435
./src/app/modules/shell/modules/recording-capsule/modules/window/utils.ts	recovered/fragments/desktop/src/app/modules/shell/modules/recording-capsule/modules/window/utils.ts.fragment.js	732
./src/app/modules/shell/modules/recording-capsule/modules/window/index.ts	recovered/fragments/desktop/src/app/modules/shell/modules/recording-capsule/modules/window/index.ts.fragment.js	15755
./src/app/modules/shell/modules/recording-capsule/modules/ipc/index.ts	recovered/fragments/desktop/src/app/modules/shell/modules/recording-capsule/modules/ipc/index.ts.fragment.js	5522
./src/app/modules/shell/modules/recording-capsule/index.ts	recovered/fragments/desktop/src/app/modules/shell/modules/recording-capsule/index.ts.fragment.js	1947
./src/app/modules/shell/index.ts	recovered/fragments/desktop/src/app/modules/shell/index.ts.fragment.js	3664
./src/app/modules/single-instance/utils.ts	recovered/fragments/desktop/src/app/modules/single-instance/utils.ts.fragment.js	1072
./src/app/modules/single-instance/index.ts	recovered/fragments/desktop/src/app/modules/single-instance/index.ts.fragment.js	3370
./src/app/utils/inject.ts	recovered/fragments/desktop/src/app/utils/inject.ts.fragment.js	110
./src/app/utils/teardown/index.ts	recovered/fragments/desktop/src/app/utils/teardown/index.ts.fragment.js	790
./src/app/index.ts	recovered/fragments/desktop/src/app/index.ts.fragment.js	7191
